,Cargo Name,Cargo ID,Cargo Weight,Transport Distance,Hour,Minutes,Ferry?,Ferry Length,Ferry Cost,Origin City,Origin City ID,Origin Country,Origin Company,Origin Company ID,Destination City,Destination City ID,Destination Country,Destiantion Company,Destination Company ID,Transport Type,Trailer Type,High Value Cargo,Heavy Cargo,Fragile Cargo,ADR Cargo,ADR Class & Type,Special Transport,Price Per KM,Price,Trailer Type 
0,Pressure Tank,1,12,2383,33,55,1,60,300,Aberdeen,,3,19,,Vienna,94,0,20,,1,4,1,2,0,0,0,0,52.73,126556,4
379,Used Plastics,35,9,847,12,56,2,0,0,Olsztyn,,10,27,,Vienna,94,0,29,,0,3,2,2,0,0,0,0,21.01,18393,3
687,Used Plastics,35,9,317,4,39,2,0,0,Budapest,,6,Kaarfor,,Vienna,94,0,29,,0,3,2,2,0,0,0,0,19.73,6853,3
220,Empty Pallets,53,22,1011,14,42,2,0,0,Turnin,,7,27,,Vienna,94,0,4,,0,3,2,2,0,0,0,0,26.33,27215,3
330,Empty Pallets,53,22,771,11,23,2,0,0,Mannheim,,5,31,,Vienna,94,0,4,,0,3,2,2,0,0,0,0,25.55,20300,3
466,Empty Pallets,53,22,488,6,47,2,0,0,Kosice,,11,27,,Vienna,94,0,4,,2,3,2,2,0,0,0,0,29.43,14964,3
128,Atlantic Cod Fillet,75,16,1025,15,32,2,0,0,Kiel,,5,7,,Vienna,94,0,7,,1,6,2,2,0,0,0,0,33.86,35302,6
229,Potatoes,86,22,863,12,56,2,0,0,Rostock,,5,30,,Vienna,94,0,29,,0,3,2,2,0,0,0,0,30.25,26708,3
176,Tomatoes,117,18,892,13,46,2,0,0,Gdansk,,10,18,,Vienna,94,0,29,,1,6,2,2,0,0,0,0,34.24,31146,6
537,Plastic Flim Rolls,124,18,426,6,17,2,0,0,Szeged,,6,31,,Vienna,94,7,29,,1,3,2,2,0,0,0,0,27.41,12276,3
468,Milk,160,20,481,7,0,2,0,0,Innsbruck,,0,7,,Vienna,94,0,29,,0,3,2,2,0,0,0,0,29.84,14952,3
336,Coconut Milk,164,21,740,10,56,2,0,0,Zurich,,12,22,,Vienna,94,0,7,,0,3,2,2,0,0,0,0,26.19,19979,3
25,Pressure Tank,1,12,997,15,1,2,0,0,Salzburg,,0,28,,Hamburg,38,5,18,,2,5,1,2,0,0,0,0,53.19,53632,5
552,Post Packages,2,11,328,5,16,2,0,0,Kassel,,5,30,,Hamburg,38,5,18,,0,3,2,2,0,0,0,0,33.63,11631,3
85,Forklifts,3,11,902,13,24,2,0,0,Salzburg,,0,23,,Hamburg,38,5,Transinet,,2,5,1,2,0,0,0,0,45.08,41259,5
162,Furniture,9,16,846,12,17,2,0,0,Calais,,4,18,,Hamburg,38,5,Transinet,,0,3,2,2,1,0,0,0,33.41,32313,3
20,Kerosene,17,23,930,14,0,2,0,0,Vienna,,0,20,,Hamburg,38,5,Transinet,,1,8,2,2,0,1,3,0,60.75,57096,8
502,Empty Pallets,53,22,519,7,54,2,0,0,Frankfurt,,5,Kaarfor,,Hamburg,38,5,Transinet,,0,2,2,2,0,0,0,0,24.77,13457,2
68,Ventilation Shaft,55,4,1273,18,35,1,60,300,Grimsby,,3,35,,Hamburg,38,5,18,,0,4,2,2,0,0,0,0,33.61,43681,4
369,Used Packaging,63,20,748,11,11,2,0,0,Munich,,5,Kaarfor,,Hamburg,38,5,Transinet,,0,3,2,2,0,0,0,0,24.43,18870,3
652,Used Packaging,63,20,290,4,27,2,0,0,Groningen,,9,27,,Hamburg,38,5,18,,1,3,2,2,0,0,0,0,25.61,8027,3
451,Pork,98,15,553,8,26,2,0,0,Mannheim,,5,32,,Hamburg,38,5,18,,2,0,2,2,0,0,0,0,28.89,15469,0
723,Wind Turbine Tower,223,9,157,2,49,2,0,0,Kiel,,5,22,,Hamburg,38,5,18,,2,5,2,2,0,0,0,0,23.75,4328,5
79,Pressure Tank,1,12,803,11,59,2,0,0,Ostarva,,2,12,,Hanover,39,5,8,,2,4,1,2,0,0,0,0,52.03,42330,4
102,Logs,13,22,1238,17,47,1,60,300,Manchester,,3,33,,Hanover,39,5,30,,1,4,2,2,0,0,0,0,30.32,38432,4
29,Train Undercarriage,25,20,1104,15,55,2,0,0,Budapest,,6,30,,Hanover,39,5,30,,0,5,1,2,0,0,0,0,47.19,52695,5
345,Used Packaging,63,20,783,11,15,2,0,0,Paris ,,4,11,,Hanover,39,5,30,,0,3,2,2,0,0,0,0,24.43,19726,3
311,Backhoe Loder,68,8,546,8,40,2,0,0,Strasbourg,,4,22,,Hanover,39,5,25,,0,5,1,2,0,0,0,0,37.4,21019,5
124,Sawdust Pannels,91,21,1072,16,43,1,60,300,Birmingham,,3,33,,Hanover,39,5,28,,0,3,2,2,0,0,0,0,32.32,35545,3
253,Haul Truck Chassis,132,55,369,6,51,2,0,0,Dortmund,,5,10,,Hanover,39,5,10,,0,5,1,1,0,0,0,1,66.5,25193,5
323,Excavator Bucket,136,25,369,0,0,2,0,0,Dortmund,,5,10,,Hanover,39,5,10,,0,5,1,1,0,0,0,1,53.72,20464,5
285,Graphite Grease,149,16,799,11,49,2,0,0,Ostarva,,2,19,,Hanover,39,5,30,,0,3,2,2,0,0,0,0,28.14,23083,3
299,IBC Containers,154,11,623,9,55,2,0,0,Lodz,,10,18,,Hanover,39,5,30,,2,3,2,2,0,0,0,0,33.21,21589,3
341,Explosives,166,17,272,4,26,2,0,0,Duisburg,,5,19,,Hanover,39,5,28,,2,0,2,2,1,1,1,0,70.51,19779,0
164,Pressure Tank,1,12,702,10,2,2,0,0,Calais,,4,19,,Frankfurt,30,5,30,,0,4,1,2,0,0,0,0,45.08,32246,4
192,Logs,13,22,1090,16,59,2,0,0,Bialystok,,10,33,,Frankfurt,30,5,30,,0,4,2,2,0,0,0,0,26.69,29697,4
425,Articulated Hauler Volvo A25G,16,25,381,5,49,2,0,0,Zurich,,12,29,,Frankfurt,30,5,30,,1,5,1,1,0,0,0,0,40.94,16199,5
142,Chicken Meat,22,17,1119,16,16,1,60,300,Plymouth,,3,6,,Frankfurt,30,5,30,,0,6,2,2,0,0,0,0,29.54,33954,6
634,Used Plastics,35,7,397,6,4,2,0,0,Osnabruck,,5,27,,Frankfurt,30,5,30,,0,2,2,2,0,0,0,0,20.3,8666,2
51,Fuel Tanks,43,10,1168,16,51,2,0,0,Debrecen,,6,32,,Frankfurt,30,5,30,,2,3,2,2,0,0,0,0,39.6,46771,3
518,Empty Pallets,53,22,445,6,34,2,0,0,Prague,,2,27,,Frankfurt,30,5,30,,1,3,2,2,0,0,0,0,27.57,12868,3
396,Industrial Cable Reel,69,34,664,10,17,2,0,0,Rostock,,5,30,,Frankfurt,30,5,30,,0,5,2,1,0,0,0,0,25.54,17556,5
119,Copper Roof Gutters,87,8,1149,16,44,1,60,300,Swansea,,3,31,,Frankfurt,30,5,30,,0,3,2,2,0,0,0,0,30.42,35853,3
134,Chimney Systems,96,18,975,14,7,2,0,0,Budapest,,6,31,,Frankfurt,30,5,30,,1,3,2,2,0,0,0,0,34.69,34424,3
347,Fresh Fish,168,18,556,8,14,2,0,0,Innsbruck,,0,7,,Frankfurt,30,5,Kaarfor,,1,6,2,2,0,0,0,0,34.3,19673,6
199,Pressure Tank,1,12,579,8,41,2,0,0,Innsbruck,,0,28,,Brno,11,2,25,,1,5,1,2,0,0,0,0,49.25,29116,5
313,Excavator Volvo EW240E MH,45,26,539,8,4,2,0,0,Erfurt,,5,25,,Brno,11,2,18,,0,5,1,1,0,0,0,0,37.65,20896,5
635,Used Packaging,63,20,347,5,6,2,0,0,Klagenfurt,,0,27,,Brno,11,2,18,,0,3,2,2,0,0,0,0,22.94,8559,3
324,Roller- DYCNA CC-2200,65,8,469,6,53,2,0,0,Nuremberg,,5,25,,Brno,11,2,18,,0,5,1,2,0,0,0,0,42.33,20454,5
510,Dozer Crawl- Z35K,103,39,306,4,31,2,0,0,Garz,,0,28,,Brno,11,2,25,,0,5,1,1,0,0,0,0,41.39,13265,5
155,Pesticides,105,10,1751,24,59,1,60,300,Manchester,,3,35,,Brno,11,2,6,,0,8,2,2,0,1,5,0,18.22,32807,8
296,Wooden Beams,115,22,650,9,49,2,0,0,Salzburg,,0,33,,Brno,11,2,6,,1,3,2,2,0,0,0,0,33.12,22125,3
725,Brake Fluids,143,2,347,5,6,2,0,0,Klagenfurt,,0,30,,Brno,11,2,18,,0,2,2,2,0,0,0,0,10.6,4290,2
383,Massive Tech Part,156,44,271,4,12,2,0,0,Linz,,0,10,,Brno,11,2,10,,0,5,1,1,0,0,0,1,64.75,18148,5
415,High-Tech Device,174,45,271,4,12,2,0,0,Linz,,0,10,,Brno,11,2,10,,0,5,1,1,0,0,0,1,59.77,16799,5
736,Wood Shavings,201,4,278,4,15,2,0,0,Garz,,0,24,,Brno,11,2,18,,2,7,2,2,0,0,0,0,9.46,3229,7
714,Coal,204,26,291,4,17,2,0,0,Garz,,0,28,,Brno,11,2,31,,0,1,2,1,0,0,0,0,15.01,4968,1
297,Pressure Tank,1,12,418,5,39,2,0,0,Liege,,1,29,,Strasbourg,84,4,35,,2,4,1,2,0,0,0,0,50.87,21863,4
695,Flour,49,20,216,3,1,2,0,0,Bern,,12,7,,Strasbourg,84,4,22,,0,3,2,2,0,0,0,0,26.77,6382,3
360,Watermelons,60,20,548,8,30,2,0,0,Turnin,,7,32,,Strasbourg,84,4,Kaarfor,,2,6,2,2,0,0,0,0,33.93,19196,6
111,Medical Equipments,83,5,689,10,49,2,0,0,Hamburg,,5,32,,Strasbourg,84,4,22,,2,6,1,2,1,0,0,0,52.75,36947,6
309,Salt & Spices,84,16,753,11,38,2,0,0,Klagenfurt,,0,7,,Strasbourg,84,4,22,,0,3,2,2,0,0,0,0,27.41,21237,3
644,Young Seedings,121,3,237,3,20,2,0,0,Bern,,12,6,,Strasbourg,84,4,Kaarfor,,1,6,2,2,0,0,0,0,32.13,8215,6
342,Wheel Loader,127,15,507,6,36,2,0,0,Lyon,,4,28,,Strasbourg,84,4,22,,0,5,1,2,0,0,0,0,37.78,19754,5
236,Haul Truck Chassis,132,55,383,6,0,2,0,0,Reims,,4,10,,Strasbourg,84,4,10,,0,5,1,1,0,0,0,1,66.51,26103,5
258,Arsenic,138,9,1133,15,34,1,60,300,Manchester,,3,35,,Strasbourg,84,4,35,,2,8,2,2,0,1,5,0,21.2,24919,8
301,Frozen Octopi,155,14,590,9,44,1,60,300,Dover,,3,7,,Strasbourg,84,4,Kaarfor,,1,6,2,2,0,0,0,0,34.63,21417,6
310,Huge Tiers,158,20,383,6,0,2,0,0,Reims,,4,10,,Strasbourg,84,4,10,,0,5,1,2,0,0,0,1,55.72,21198,5
332,Goat Cheese,162,15,644,10,5,2,0,0,Bremen,,5,22,,Strasbourg,84,4,22,,0,6,2,2,0,0,0,0,30.29,20105,6
641,Coal,204,26,506,6,34,2,0,0,Lyon,,4,28,,Strasbourg,84,4,31,,0,1,2,1,0,0,0,0,15.5,8443,1
373,Pressure Tank,1,12,354,5,31,2,0,0,Innsbruck,,0,31,,Nurmeberg,67,5,25,,2,5,1,2,0,0,0,0,50.87,18606,5
10,Outdoor Floor Tiles ,11,20,1710,23,58,1,60,300,Glasgow,,3,12,,Nurmeberg,67,5,25,,2,3,2,2,0,0,0,0,39.2,67926,3
91,Potted Flowers,73,3,901,13,8,2,0,0,Szeged,,6,22,,Nurmeberg,67,5,29,,2,6,2,2,1,0,0,0,44.37,40578,6
274,Chimney Systems,96,18,693,10,19,2,0,0,Amsterdam,,9,31,,Nurmeberg,67,5,25,,1,3,2,2,0,0,0,0,33.76,23998,3
420,Honey,125,20,481,7,10,2,0,0,Garz,,0,18,,Nurmeberg,67,5,29,,1,3,2,2,0,0,0,0,33.0,16471,3
303,Haul Truck Chassis,132,55,321,5,21,2,0,0,Prague,,2,10,,Nurmeberg,67,5,10,,0,5,1,1,0,0,0,1,64.76,21413,5
302,Massive Tech Part,156,44,321,5,21,2,0,0,Prague,,2,10,,Nurmeberg,67,5,10,,0,5,1,1,0,0,0,1,64.76,21413,5
317,Milk,160,20,653,10,26,2,0,0,Reims,,4,6,,Nurmeberg,67,5,29,,0,3,2,2,0,0,0,0,30.78,20697,3
446,Rye,169,21,757,11,6,2,0,0,Lille,,4,7,,Nurmeberg,67,5,29,,1,7,2,2,0,0,0,0,19.71,15518,7
389,Grapes,172,14,580,8,30,2,0,0,Vienna,,0,6,,Nurmeberg,67,5,29,,0,6,2,2,0,0,0,0,29.51,17713,6
433,Sulphuric Acid,181,14,449,6,42,2,0,0,Berlin,,5,19,,Nurmeberg,67,5,31,,1,8,2,2,0,1,6,0,31.37,16034,8
649,Vinegar,216,4,563,8,36,2,0,0,Osnabruck,,5,7,,Nurmeberg,67,5,29,,2,2,2,2,0,0,0,0,13.31,8092,2
1,Post Packages,2,11,2029,28,49,1,60,300,Carlisle,,3,22,,Katowice,42,10,22,,2,3,2,2,0,0,0,0,45.61,93437,3
59,Tracks,47,11,1079,16,15,2,0,0,Amsterdam,,9,18,,Katowice,42,10,22,,2,5,2,2,0,0,0,0,41.77,45670,5
272,Used Packaging,63,20,932,13,30,2,0,0,Venice,,7,27,,Katowice,42,10,29,,0,3,2,2,0,0,0,0,25.17,24058,3
386,Backhoe Loder,68,8,464,7,23,2,0,0,Olsztyn,,10,33,,Katowice,42,10,28,,0,5,1,2,0,0,0,0,37.39,17951,5
491,Potatoes,86,21,432,6,54,2,0,0,Olsztyn,,10,30,,Katowice,42,10,22,,1,3,2,2,0,0,0,0,30.72,13870,3
417,Sawdust Pannels,91,21,530,8,37,2,0,0,Leipzig,,5,33,,Katowice,42,10,22,,0,3,2,2,0,0,0,0,30.41,16716,3
662,Soy Milk,101,21,249,3,46,2,0,0,Warsaw,,10,22,,Katowice,42,10,22,,1,3,2,2,0,0,0,0,28.45,7684,3
527,Mobile Crane - UTM SD-833,113,36,284,4,5,2,0,0,Bratislava,,11,33,,Katowice,42,10,29,,0,5,1,1,0,0,0,0,42.38,12637,5
244,Penaut Butter,134,19,764,11,36,2,0,0,Frankfurt,,5,30,,Katowice,42,10,29,,2,3,2,2,0,0,0,0,32.98,25798,3
452,Huge Tiers,158,20,284,4,21,2,0,0,Warsaw,,10,10,,Katowice,42,10,10,,0,5,1,2,0,0,0,1,52.29,15467,5
453,Wheat,165,17,837,12,23,2,0,0,Innsbruck,,0,7,,Katowice,42,10,7,,1,1,2,2,0,0,0,0,17.47,15445,1
523,Metal Beams,167,24,446,7,5,2,0,0,Bialystok,,10,12,,Katowice,42,10,28,,0,4,2,2,0,0,0,0,27.34,12794,4
394,High-Tech Device,174,45,284,4,21,2,0,0,Warsaw,,10,10,,Katowice,42,10,10,,0,5,1,1,0,0,0,1,59.77,17593,5
572,Truck Rims,186,9,435,6,38,2,0,0,Budapest,,6,30,,Katowice,42,10,22,,1,2,2,2,0,0,0,0,24.29,11167,2
715,Post Packages,2,11,133,2,3,2,0,0,Salzburg,,0,24,,Linz,51,0,22,,0,3,2,2,0,0,0,0,32.54,4928,3
143,Peas,8,18,939,13,39,2,0,0,Reims,,4,7,,Linz,51,0,24,,2,3,2,2,0,0,0,0,35.49,33925,3
22,Steel Cord,19,14,1640,23,28,1,60,300,Sheffield,,3,32,,Linz,51,0,24,,2,3,2,2,0,0,0,0,33.78,56307,3
96,Fireworks,28,9,837,12,16,2,0,0,Dusseldorf,,5,29,,Linz,51,0,22,,2,3,2,2,1,1,1,0,46.67,39664,3
405,Reservior Tank,34,11,481,6,59,2,0,0,Budapest,,6,31,,Linz,51,0,12,,1,4,2,2,0,0,0,0,34.69,17287,4
532,Reservior Tank,34,11,376,5,43,2,0,0,Nuremberg,,5,25,,Linz,51,0,22,,0,4,2,2,0,0,0,0,31.17,12323,4
467,Used Plastics,35,9,616,9,1,2,0,0,Verona,,7,22,,Linz,51,0,22,,1,3,2,2,0,0,0,0,23.3,14953,3
382,Apples,51,20,597,8,41,2,0,0,Venice,,7,18,,Linz,51,0,22,,0,2,2,2,0,0,0,0,29.41,18158,2
227,Roofing Felt,52,19,756,11,13,2,0,0,Warsaw,,10,31,,Linz,51,0,24,,2,3,2,2,0,0,0,0,34.77,26887,3
316,Roofing Felt,52,19,616,8,53,2,0,0,Szeged,,6,22,,Linz,51,0,22,,1,3,2,2,0,0,0,0,32.63,20697,3
439,Empty Pallets,53,22,596,8,38,2,0,0,Venice,,7,27,,Linz,51,0,22,,0,2,2,2,0,0,0,0,25.55,15827,2
89,Transmissions,71,14,818,12,51,2,0,0,Lublin,,10,18,,Linz,51,0,24,,2,3,2,2,1,0,0,0,49.0,40684,3
161,Containerized Trees,90,4,888,13,7,2,0,0,Osnabruck,,5,7,,Linz,51,0,24,,1,3,2,2,0,0,0,0,35.75,32344,3
133,Disinfectant,95,16,1018,14,58,2,0,0,Kiel,,5,22,,Linz,51,0,24,,1,3,2,2,0,0,0,0,33.4,34499,3
178,Asphalt Miller- AM0880,97,44,599,9,12,2,0,0,Berlin,,5,25,,Linz,51,0,24,,2,5,1,1,0,0,0,0,50.73,30986,5
486,Large Tubes,100,22,426,6,38,2,0,0,Wroclaw,,10,28,,Linz,51,0,22,,1,4,2,2,0,0,0,0,32.03,14149,4
407,Heavy Metals,102,20,478,6,51,2,0,0,Budapest,,6,19,,Linz,51,0,24,,0,8,2,2,0,1,5,0,34.45,17066,8
175,High Pressure Side Valves,116,19,752,11,15,2,0,0,Hanover,,5,0,,Linz,51,0,24,,1,3,2,2,0,0,0,0,40.7,31209,3
542,Plastic Pipes,123,12,627,9,23,2,0,0,Lodz,,10,18,,Linz,51,0,5,,0,4,2,2,0,0,0,0,18.06,11923,4
307,Dynamite,157,17,478,6,51,2,0,0,Budapest,,6,19,,Linz,51,0,24,,0,3,2,2,1,1,1,0,43.28,21286,3
690,Stones,182,23,518,7,52,2,0,0,Stuttgart,,5,28,,Linz,51,0,24,,0,1,2,2,0,0,0,0,11.84,6733,1
436,Concrete Beams,183,17,835,12,23,2,0,0,Luxembourg,,8,12,,Linz,51,0,24,,0,4,2,2,0,0,0,0,18.36,15927,4
711,Wood Bark,214,6,545,8,5,2,0,0,Leipzig,,5,33,,Linz,51,0,24,,1,1,2,2,0,0,0,0,8.19,5064,1
712,Barley,220,18,246,3,55,2,0,0,Garz,,0,6,,Linz,51,0,22,,1,7,2,2,0,0,0,0,18.08,5048,7
2,Forklifts,3,11,2139,30,26,1,60,300,Aberdeen,,3,33,,Szczecin,87,10,Transinet,,0,5,1,2,0,0,0,0,41.15,88920,5
41,Train Undercarriage,25,20,929,14,33,2,0,0,Kosice,,11,12,,Szczecin,87,10,Transinet,,2,4,1,2,0,0,0,0,52.96,49797,4
531,Industrial Condenser,119,60,187,2,48,2,0,0,Berlin,,5,10,,Szczecin,87,10,10,,0,5,1,1,0,0,0,1,62.99,12390,5
560,High-Tech Device,174,45,187,2,48,2,0,0,Berlin,,5,10,,Szczecin,87,10,10,,0,5,1,1,0,0,0,1,58.15,11484,5
631,Wood Bark,214,6,956,13,54,2,0,0,Zurich,,12,33,,Szczecin,87,10,Transinet,,1,1,2,2,0,0,0,0,8.65,8873,1
12,Forklifts,3,11,1572,22,42,1,60,300,Bratislava,,11,2,,Southampton,83,3,Transinet,,0,5,1,2,0,0,0,0,44.15,65588,5
7,Peas,8,18,2024,29,15,1,60,300,Debrecen,,6,6,,Southampton,83,3,Transinet,,1,3,2,2,0,0,0,0,35.13,72013,3
529,Empty Pallets,53,21,487,7,2,1,60,300,Reims,,4,Kaarfor,,Southampton,83,3,Transinet,,0,3,2,2,0,0,0,0,24.02,12598,3
287,Copper Roof Gutters,87,8,767,10,59,1,60,300,Strasbourg,,4,22,,Southampton,83,3,Transinet,,0,3,2,2,0,0,0,0,28.68,22894,3
314,Computer Processers,111,3,467,6,3,2,0,0,Grimsby,,3,30,,Southampton,83,3,Transinet,,0,3,1,2,1,0,0,0,43.28,20811,3
282,Cement,146,21,1364,19,56,1,60,300,Linz,,0,12,,Southampton,83,3,Transinet,,0,7,2,2,0,0,0,0,16.49,23391,7
14,Forklifts,3,11,1436,21,32,2,0,0,Lille,,4,30,,Lublin,55,10,22,,1,5,1,2,0,0,0,0,43.7,63356,5
708,Used Plastics,35,9,246,4,24,2,0,0,Lodz,,10,27,,Lublin,55,10,22,,0,3,2,2,0,0,0,0,19.08,5295,3
437,Dry milk,36,18,481,7,50,2,0,0,Debrecen,,6,6,,Lublin,55,10,Kaarfor,,1,2,2,2,0,0,0,0,31.84,15913,2
46,Liver Paste,39,17,1332,20,59,2,0,0,Bern,,12,6,,Lublin,55,10,Kaarfor,,2,6,2,2,0,0,0,0,35.77,48249,6
515,Flour,49,20,358,6,8,2,0,0,Poznan,,10,29,,Lublin,55,10,22,,2,3,2,2,0,0,0,0,33.93,13088,3
157,Roofing Felt,52,19,899,13,51,2,0,0,Klagenfurt,,0,31,,Lublin,55,10,22,,2,3,2,2,0,0,0,0,35.67,32664,3
151,Empty Pallets,53,22,1200,19,34,2,0,0,Strasbourg,,4,Kaarfor,,Lublin,55,10,22,,0,3,2,2,0,0,0,0,27.1,33124,3
78,Used Packaging,63,20,1544,24,48,1,60,300,Dover,,3,18,,Lublin,55,10,22,,0,3,2,2,0,0,0,0,26.45,42404,3
98,Used Packaging,63,20,1487,22,39,2,0,0,Reims,,4,Kaarfor,,Lublin,55,10,22,,0,3,2,2,0,0,0,0,31.51,39182,3
388,Rice,109,22,585,9,51,2,0,0,Szczecin,,10,7,,Lublin,55,10,18,,0,3,2,2,0,0,0,0,29.31,17746,3
513,Plastic Flim Rolls,124,11,550,8,45,2,0,0,Brno,,2,31,,Lublin,55,10,22,,2,2,2,2,0,0,0,0,22.88,13182,2
16,Forklifts,3,11,1346,18,25,1,60,300,Zurich,,12,33,,Manchester,59,3,18,,2,5,1,2,0,0,0,0,46.94,62895,5
148,Helicopter- 1808TX,14,3,572,8,8,2,0,0,Aberdeen,,3,29,,Manchester,59,3,18,,0,5,1,2,1,0,0,0,57.12,33274,5
540,Chlorine,129,18,224,14,15,1,370,995,Rotterdam,,9,35,,Manchester,59,3,35,,2,8,2,2,1,1,2,0,46.58,12029,8
516,Goat Cheese,162,15,423,5,33,2,0,0,Felixstowe,,3,18,,Manchester,59,3,18,,0,3,2,2,0,0,0,0,29.37,13022,3
692,NItrogen,221,3,223,14,14,1,370,995,Rotterdam,,9,35,,Manchester,59,3,8,,2,8,2,2,1,1,2,0,22.47,6605,8
18,Forklifts,3,11,1437,19,28,1,60,300,Geneva,,12,33,,Carlisle,18,3,31,,0,5,1,2,0,0,0,0,40.17,58620,5
24,Concrete Stairs,21,19,2101,30,1,1,60,300,Warsaw,,10,22,,Carlisle,18,3,22,,2,5,2,2,0,0,0,0,25.11,53663,5
224,Electronics,29,8,630,8,11,2,0,0,Plymouth,,3,31,,Carlisle,18,3,22,,1,3,2,2,1,0,0,0,41.9,26999,3
411,Reservior Tank,34,11,441,6,16,2,0,0,Swansea,,3,31,,Carlisle,18,3,6,,2,4,2,2,0,0,0,0,37.04,16934,4
328,Tractors,41,11,395,5,33,2,0,0,Aberdeen,,3,33,,Carlisle,18,3,22,,2,5,2,2,0,0,0,0,49.9,20309,5
661,Sulphuric Acid,181,14,205,2,50,2,0,0,Manchester,,3,35,,Carlisle,18,3,31,,2,8,2,2,0,1,6,0,34.76,7726,8
688,Sulphuric Acid,181,14,179,2,25,2,0,0,Glasgow,,3,35,,Carlisle,18,3,31,,2,8,2,2,0,1,6,0,34.75,6820,8
57,Forklifts,3,11,1005,14,30,2,0,0,Bratislava,,11,35,,Dusseldorf,26,5,29,,2,5,1,2,0,0,0,0,45.08,45903,5
356,Used Plastics,35,7,938,13,35,1,60,300,Sheffield,,3,27,,Dusseldorf,26,5,29,,0,2,2,2,0,0,0,0,19.63,19313,2
246,Dry milk,36,18,847,12,25,2,0,0,Wroclaw,,10,6,,Dusseldorf,26,5,29,,0,3,2,2,0,0,0,0,29.51,25594,3
691,Apples,51,18,225,4,12,2,0,0,Kassel,,5,30,,Dusseldorf,26,5,29,,1,2,2,2,0,0,0,0,27.22,6725,2
243,Empty Pallets,53,22,960,14,6,2,0,0,Garz,,0,32,,Dusseldorf,26,5,29,,0,3,2,2,0,0,0,0,26.33,25873,3
130,Backhoe Loder,68,8,872,12,47,2,0,0,Salzburg,,0,25,,Dusseldorf,26,5,29,,0,5,1,2,0,0,0,0,39.37,34933,5
569,Smoked Sparts,131,17,308,4,53,2,0,0,Amsterdam,,9,29,,Dusseldorf,26,5,29,,2,3,2,2,0,0,0,0,34.45,11212,3
739,Vinegar,216,9,43,1,1,2,0,0,Cologne,,5,22,,Dusseldorf,26,5,7,,1,2,2,2,0,0,0,0,22.88,1584,2
673,Barley,220,18,354,5,28,2,0,0,Groningen,,9,7,,Dusseldorf,26,5,29,,1,7,2,2,0,0,0,0,19.17,7385,7
186,Forklifts,3,11,785,12,3,2,0,0,Debrecen,,6,25,,Salzburg,81,0,25,,0,5,1,2,0,0,0,0,38.2,30588,5
6,Gasoline,7,21,1375,20,0,1,60,300,London,,3,19,,Salzburg,81,0,28,,0,8,2,2,0,1,3,0,51.18,75399,8
118,Peas,8,18,1057,16,4,2,0,0,Olsztyn,,10,7,,Salzburg,81,0,27,,1,3,2,2,0,0,0,0,33.35,35855,3
298,Cars,10,7,485,7,22,2,0,0,Zurich,,12,29,,Salzburg,81,0,24,,0,4,1,2,1,0,0,0,43.55,21723,4
266,Steel Cord,19,14,873,12,58,2,0,0,Osnabruck,,5,32,,Salzburg,81,0,24,,0,3,2,2,0,0,0,0,27.33,24461,3
568,Nylon Cord,24,23,338,5,14,2,0,0,Brno,,2,18,,Salzburg,81,0,24,,2,3,2,2,0,0,0,0,31.56,11267,3
38,Mercury Chloride ,33,15,1251,18,33,1,60,300,London,,3,19,,Salzburg,81,0,24,,0,8,2,2,0,1,5,0,40.03,50981,8
281,Flour,49,20,776,11,26,2,0,0,Lodz,,10,7,,Salzburg,81,0,27,,0,3,2,2,0,0,0,0,29.46,23460,3
187,Airmail,66,10,749,11,5,2,0,0,Hanover,,5,30,,Salzburg,81,0,24,,2,3,2,2,0,0,0,0,39.91,30495,3
331,Oranges,67,20,670,9,54,2,0,0,Berlin,,5,7,,Salzburg,81,0,24,,0,6,2,2,0,0,0,0,29.21,20173,6
104,Natural Rubber,74,21,1084,16,42,2,0,0,Gdansk,,10,18,,Salzburg,81,0,24,,0,3,2,2,0,0,0,0,34.43,37925,3
254,Potatoes,86,22,756,11,18,2,0,0,Turnin,,7,7,,Salzburg,81,0,27,,1,3,2,2,0,0,0,0,32.57,25225,3
477,Copper Roof Gutters,87,8,505,7,32,2,0,0,Mannheim,,5,31,,Salzburg,81,0,24,,0,3,2,2,0,0,0,0,27.8,14641,3
138,Plumbing Supplies,99,18,1091,16,37,2,0,0,Paris ,,4,17,,Salzburg,81,0,24,,0,3,2,2,0,0,0,0,30.76,34157,3
257,Empty Barrels,137,9,898,13,36,2,0,0,Bremen,,5,8,,Salzburg,81,0,24,,0,3,2,2,0,0,0,0,27.23,25054,3
292,Potassium  Hyderoxide,152,19,524,7,48,2,0,0,Frankfurt,,5,35,,Salzburg,81,0,24,,0,8,2,2,0,1,6,0,41.5,22344,8
461,High-Tech Device,174,45,249,4,2,2,0,0,Munich,,5,10,,Salzburg,81,0,10,,0,5,1,1,0,0,0,1,58.15,15126,5
460,Boiler Part,176,45,249,4,2,2,0,0,Munich,,5,10,,Salzburg,81,0,10,,0,5,1,1,0,0,0,1,58.15,15126,5
595,Scrap Metals,177,26,869,12,45,2,0,0,Lyon,,4,31,,Salzburg,81,0,24,,0,1,2,1,0,0,0,0,11.44,10473,1
506,Stones,182,27,856,12,36,2,0,0,Lyon,,4,28,,Salzburg,81,0,24,,0,1,2,1,0,0,0,0,14.87,13330,1
544,Backflow Preventers,200,24,268,4,3,2,0,0,Garz,,0,24,,Salzburg,81,0,24,,2,3,2,2,0,0,0,0,41.86,11819,3
580,Olive Oil,206,27,313,4,45,2,0,0,Klagenfurt,,0,7,,Salzburg,81,0,24,,0,8,2,1,0,0,0,0,33.24,11004,8
587,Stone Dust,207,22,728,11,6,2,0,0,Hanover,,5,25,,Salzburg,81,0,24,,0,1,2,2,0,0,0,0,13.47,10676,1
698,Sand,210,25,257,4,14,2,0,0,Salzburg,,0,28,,Salzburg,81,0,24,,1,1,2,1,0,0,0,0,20.95,5984,1
669,Sodium  ,219,7,387,5,35,2,0,0,Bratislava,,11,35,,Salzburg,81,0,24,,0,8,2,2,1,1,4,0,17.94,7542,8
218,Forklifts,3,11,699,10,23,2,0,0,Innsbruck,,0,31,,Berlin ,4,5,19,,0,5,1,2,0,0,0,0,38.2,27304,5
377,Ventilation Shaft,55,4,490,7,42,2,0,0,Frankfurt,,5,35,,Berlin ,4,5,25,,2,4,2,2,0,0,0,0,36.49,18482,4
538,Chlorine,129,8,548,8,5,2,0,0,Ostarva,,2,19,,Berlin ,4,5,19,,1,8,2,2,1,1,2,0,21.21,12222,8
615,Arsenic,138,9,484,8,13,2,0,0,Gdansk,,10,35,,Berlin ,4,5,19,,1,8,2,2,0,1,5,0,18.4,9505,8
333,White Phosphorus,163,10,484,8,13,2,0,0,Gdansk,,10,35,,Berlin ,4,5,19,,2,8,2,2,1,1,4,0,40.14,20027,8
479,Packaged Food,190,17,362,5,51,2,0,0,Bremen,,5,7,,Berlin ,4,5,7,,2,3,2,2,1,0,0,0,38.39,14497,3
730,Wood Bark,214,6,404,6,18,2,0,0,Kassel,,5,30,,Berlin ,4,5,6,,1,1,2,2,0,0,0,0,8.19,3909,1
737,Wood Bark,214,6,246,3,49,2,0,0,Hanover,,5,30,,Berlin ,4,5,6,,1,1,2,2,0,0,0,0,7.72,2500,1
352,Forklifts,3,11,590,7,13,2,0,0,Brno,,2,31,,Szeged,88,6,31,,0,5,1,2,0,0,0,0,37.22,19545,5
471,Peas,8,18,502,7,26,2,0,0,Vienna,,0,6,,Szeged,88,6,22,,0,3,2,2,0,0,0,0,28.37,14843,3
53,Crawl Tractor,23,13,1142,16,34,2,0,0,Zurich,,12,33,,Szeged,88,6,6,,0,4,1,2,0,0,0,0,40.17,46470,4
385,Sawdust Pannels,91,21,554,8,5,2,0,0,Garz,,0,33,,Szeged,88,6,22,,0,3,2,2,0,0,0,0,31.36,17975,3
412,Sawdust Pannels,91,21,451,6,22,2,0,0,Bratislava,,11,33,,Szeged,88,6,18,,2,3,2,2,0,0,0,0,36.13,16893,3
366,Forklifts,3,11,492,7,24,2,0,0,Stuttgart,,5,33,,Cologne,19,5,12,,0,5,1,2,0,0,0,0,37.22,18912,5
125,Excavator Volvo EW240E MH,45,26,881,13,6,2,0,0,Garz,,0,33,,Cologne,19,5,22,,0,5,1,1,0,0,0,0,39.64,35525,5
429,Forklifts,3,11,359,5,29,2,0,0,Dusseldorf,,5,8,,Groningen,37,9,6,,2,5,1,2,0,0,0,0,43.11,16076,5
564,Logs,13,22,390,13,41,1,207,960,Felixstowe,,3,33,,Groningen,37,9,6,,0,4,2,2,0,0,0,0,25.12,11356,4
353,Apples,51,15,719,10,52,2,0,0,Stuttgart,,5,9,,Groningen,37,9,27,,2,0,2,2,0,0,0,0,26.34,19539,0
627,Fresh Fish,168,18,258,3,47,2,0,0,Rotterdam,,9,32,,Groningen,37,9,27,,1,6,2,2,0,0,0,0,34.42,8965,6
357,Lamb Stomachs,170,13,580,19,30,1,60,300,Carlisle,,3,22,,Groningen,37,9,27,,0,3,2,2,0,0,0,0,30.53,19304,3
443,Tableware,184,16,384,13,36,1,207,960,Felixstowe,,3,18,,Groningen,37,3,27,,0,3,2,2,1,0,0,0,26.69,15648,3
524,Forklifts,3,11,325,6,3,1,49,384,Calais,,4,19,,Birmingham,7,3,33,,0,5,1,2,0,0,0,0,36.23,12759,5
653,Used Plastics,35,3,666,9,24,1,60,300,Reims,,4,Kaarfor,,Birmingham,7,3,22,,1,2,2,2,0,0,0,0,20.57,7938,2
675,Fresh Herbs,61,5,234,3,21,2,0,0,Grimsby,,3,7,,Birmingham,7,3,22,,1,3,2,2,0,0,0,0,28.7,7315,3
160,Backhoe Loder,68,8,71,9,41,2,0,0,Aberdeen,,3,33,,Birmingham,7,3,25,,2,5,1,2,0,0,0,0,35.75,32412,5
152,Dozer Crawl- Z35K,103,39,738,10,35,1,60,300,Rotterdam,,9,22,,Birmingham,7,3,22,,0,5,1,1,0,0,0,0,43.64,33104,5
190,Luxury SUVs,122,11,578,8,23,1,60,300,Paris ,,4,3,,Birmingham,7,3,22,,0,4,1,2,1,0,0,0,50.3,29975,4
600,Massive Tech Part,156,44,152,2,26,2,0,0,Sheffield,,3,10,,Birmingham,7,3,10,,0,5,1,1,0,0,0,1,62.99,10177,5
643,Huge Tiers,158,20,152,2,26,2,0,0,Sheffield,,3,10,,Birmingham,7,3,10,,0,5,1,2,0,0,0,1,50.88,8336,5
609,Acetylene,161,4,502,6,31,2,0,0,Glasgow,,3,35,,Birmingham,7,3,25,,0,8,2,2,1,1,2,0,18.14,9708,8
604,Tires,209,16,315,4,14,2,0,0,Dover,,3,18,,Birmingham,7,3,2,,0,3,2,2,0,0,0,0,29.5,9892,3
3,Boric Acid,4,16,1814,26,1,1,60,300,Vienna,,0,4,,Sheffield,82,3,Transinet,,2,3,2,2,0,0,0,0,47.6,87242,3
289,Fuel Tanker,27,9,595,8,25,2,0,0,Aberdeen,,3,29,,Sheffield,82,3,Transinet,,1,8,2,2,0,1,3,0,37.18,22723,8
44,Onions,38,17,1305,18,48,1,60,300,Hamburg,,5,22,,Sheffield,82,3,27,,2,3,2,2,0,0,0,0,36.74,48850,3
126,Tracks,47,11,850,12,14,1,60,300,Luxembourg,,8,18,,Sheffield,82,3,28,,2,5,2,2,0,0,0,0,40.72,35514,5
81,Roller- DYCNA CC-2200,65,8,818,11,30,1,60,300,Rotterdam,,9,25,,Sheffield,82,3,Transinet,,2,5,1,2,0,0,0,0,50.16,41927,5
135,Asphalt Miller- AM0880,97,44,658,9,16,1,60,300,Paris ,,4,30,,Sheffield,82,3,Transinet,,2,5,1,1,0,0,0,0,50.73,34282,5
214,Pork,98,18,819,11,33,1,60,300,Rotterdam,,9,32,,Sheffield,82,3,Transinet,,2,6,2,2,0,0,0,0,32.87,27818,6
315,Chemicals,112,18,437,5,56,2,0,0,Glasgow,,3,35,,Sheffield,82,3,12,,1,8,2,2,0,1,2,0,46.17,20778,8
617,Graphite Grease,149,16,279,3,45,2,0,0,London,,3,19,,Sheffield,82,3,12,,2,3,2,2,0,0,0,0,31.55,9403,3
4,Precast Stairs,5,22,2147,29,28,1,60,300,Glasgow,,3,12,,Venice,92,7,18,,2,3,2,2,0,0,0,0,37.89,82253,3
403,Used Plastics,35,7,798,11,39,2,0,0,Lyon,,4,Kaarfor,,Venice,92,7,18,,0,2,2,2,0,0,0,0,20.96,17324,2
557,Lamb Stomachs,170,13,370,5,28,2,0,0,Klagenfurt,,0,30,,Venice,92,7,27,,0,6,2,2,0,0,0,0,29.3,11553,6
5,Potassium,6,17,1540,22,24,1,60,300,Bratislava,,11,35,,London,54,3,19,,1,8,2,2,1,1,4,0,50.05,77981,8
581,Fuel Tanker,27,9,268,4,26,1,60,300,Lille,,4,31,,London,54,3,22,,2,8,2,2,0,1,3,0,37.59,10973,8
42,Dry milk,36,18,1396,20,44,1,60,300,Klagenfurt,,0,6,,London,54,3,27,,1,3,2,2,0,0,0,0,34.53,49104,3
551,Empty Pallets,53,22,365,5,40,1,60,300,Paris ,,4,11,,London,54,3,22,,2,3,2,2,0,0,0,0,29.43,11641,3
664,Floor Pannels,59,21,282,3,44,2,0,0,Sheffield,,3,12,,London,54,3,22,,0,5,2,2,0,0,0,0,25.0,7649,5
132,Acid,94,19,696,10,32,1,60,300,Duisburg,,5,19,,London,54,3,25,,0,8,2,2,0,1,6,0,48.36,34562,8
727,Juice Concentrate,133,23,163,2,13,2,0,0,Felixstowe,,3,30,,London,54,3,22,,0,8,2,2,0,0,0,0,21.11,4041,8
200,Gasoline,7,21,482,7,4,2,0,0,Vienna,,0,4,,Debrecen,20,6,6,,2,8,2,2,0,1,3,0,58.84,28959,8
674,Used Plastics,35,3,598,9,11,2,0,0,Klagenfurt,,0,27,,Debrecen,20,6,Transinet,,2,2,2,2,0,0,0,0,11.26,7334,2
278,Excavator Volvo EW240E MH,45,26,598,9,42,2,0,0,Warsaw,,10,29,,Debrecen,20,6,Transinet,,0,5,1,1,0,0,0,0,38.65,23711,5
335,Carrots,77,16,662,9,38,2,0,0,Linz,,0,24,,Debrecen,20,6,7,,0,3,2,2,0,0,0,0,29.31,20004,3
462,Industrial Condenser,119,60,229,4,13,2,0,0,Szeged,,6,10,,Debrecen,20,6,10,,0,5,1,1,0,0,0,1,63.0,15058,5
222,Caviar,128,14,741,10,30,2,0,0,Prague,,2,7,,Debrecen,20,6,7,,2,3,2,2,0,0,0,0,35.81,27136,3
482,Garlic,171,12,492,7,11,2,0,0,Vienna,,0,7,,Debrecen,20,6,Transinet,,0,3,2,2,0,0,0,0,27.8,14279,3
505,Gaint Silo,194,40,229,4,13,2,0,0,Szeged,,6,10,,Debrecen,20,6,10,,0,5,1,1,0,0,0,1,55.73,13390,5
63,Peas,8,18,1308,18,53,2,0,0,Lille,,4,6,,Krakow,46,10,30,,1,3,2,2,0,0,0,0,34.24,45392,3
526,Outdoor Floor Tiles ,11,20,364,5,7,2,0,0,Kosice,,11,12,,Krakow,46,10,30,,1,3,2,2,0,0,0,0,33.2,12686,3
372,Crawl Tractor,23,13,418,6,38,2,0,0,Poznan,,10,33,,Krakow,46,10,30,,2,5,1,2,0,0,0,0,43.11,19620,5
636,Apples,51,9,595,8,49,2,0,0,Linz,,0,22,,Krakow,46,10,30,,0,2,2,2,0,0,0,0,13.37,8553,2
721,Empty Pallets,53,22,137,2,14,2,0,0,Ostarva,,2,Kaarfor,,Krakow,46,10,30,,2,3,2,2,0,0,0,0,27.88,4419,3
234,Wooden Beams,115,21,858,12,55,2,0,0,Frankfurt,,5,33,,Krakow,46,10,6,,0,3,2,2,0,0,0,0,29.83,26190,3
637,Stones,182,23,651,9,34,2,0,0,Garz,,0,28,,Krakow,46,10,25,,0,1,2,2,0,0,0,0,12.21,8549,1
480,Cottage Cheese,191,18,419,7,14,2,0,0,Bialystok,,10,6,,Krakow,46,10,30,,1,3,2,2,0,0,0,0,33.05,14447,3
511,Peas,8,18,401,6,7,2,0,0,Osnabruck,,5,32,,Mannheim,60,5,7,,1,3,2,2,0,0,0,0,31.57,13259,3
660,Used Plastics,35,7,334,5,2,2,0,0,Bern,,12,Kaarfor,,Mannheim,60,5,Transinet,,2,2,2,2,0,0,0,0,21.36,7735,2
390,Used Packaging,63,20,698,10,37,2,0,0,Brno,,2,31,,Mannheim,60,5,Transinet,,0,3,2,2,0,0,0,0,24.43,17649,3
611,Maple Syrup,80,17,332,5,5,2,0,0,Duisburg,,5,18,,Mannheim,60,5,Transinet,,0,3,2,2,0,0,0,0,27.3,9662,3
158,Air Conditioners,107,11,843,12,25,2,0,0,Venice,,7,18,,Mannheim,60,5,22,,0,5,1,2,1,0,0,0,37.98,32618,5
8,Furniture,9,16,1754,25,10,1,60,300,Hanover,,5,13,,Aberdeen,0,3,29,,0,3,2,2,1,0,0,0,40.38,71726,3
13,Logs,13,22,2266,37,27,1,60,300,Salzburg,,0,33,,Aberdeen,0,3,33,,0,4,2,2,0,0,0,0,28.27,63830,4
34,Silica,30,19,1473,20,56,1,60,300,Cologne,,5,22,,Aberdeen,0,3,29,,1,3,2,2,0,0,0,0,34.42,51596,3
444,Empty Pallets,53,22,586,7,56,2,0,0,Manchester,,3,33,,Aberdeen,0,3,29,,0,3,2,2,0,0,0,0,25.55,15572,3
305,Large Tubes,100,22,591,8,23,2,0,0,Sheffield,,3,12,,Aberdeen,0,3,19,,2,4,2,2,0,0,0,0,35.1,21343,4
169,Chemicals,112,18,656,9,23,2,0,0,Grimsby,,3,35,,Aberdeen,0,3,19,,1,8,2,2,0,1,2,0,47.48,31747,8
449,Industrial Condenser,119,60,236,6,35,2,0,0,Glasgow,,3,10,,Aberdeen,0,3,10,,0,5,1,1,0,0,0,1,63.0,15513,5
448,Massive Tech Part,156,44,236,6,35,2,0,0,Glasgow,,3,10,,Aberdeen,0,3,10,,0,5,1,1,0,0,0,1,63.0,15513,5
45,Furniture,9,19,1220,17,59,2,0,0,Venice,,7,18,,Rostock,79,5,27,,0,3,2,2,1,0,0,0,39.41,48686,3
60,Truck Batteries,48,14,1429,20,50,1,60,300,Plymouth,,3,29,,Rostock,79,5,30,,2,2,2,2,0,0,0,0,31.31,45635,2
391,Floor Pannels,59,19,703,10,29,2,0,0,Liege,,1,12,,Rostock,79,5,30,,0,5,2,2,0,0,0,0,24.25,17649,5
585,Cut Flowers,106,2,194,3,5,2,0,0,Hamburg,,5,18,,Rostock,79,5,30,,1,0,2,2,0,0,0,0,52.08,10704,0
346,Plastic Pipes,123,12,873,12,52,2,0,0,Linz,,0,5,,Rostock,79,5,30,,2,4,2,2,0,0,0,0,21.9,19721,4
288,Canned Beef,151,21,814,12,30,2,0,0,Bialystok,,10,32,,Rostock,79,5,27,,0,6,2,2,0,0,0,0,27.19,22734,6
170,Furniture,9,16,719,10,51,2,0,0,Salzburg,,0,23,,Metz,61,4,22,,2,3,2,2,1,0,0,0,43.27,31709,3
50,Rock Bucket Volvo SPN PT SEG,40,3,1279,19,43,2,0,0,Warsaw,,10,25,,Metz,61,4,22,,1,5,1,2,0,0,0,0,36.14,46827,5
275,Rock Bucket Volvo SPN PT SEG,40,3,674,9,28,2,0,0,Innsbruck,,0,28,,Metz,61,4,33,,1,5,1,2,0,0,0,0,34.52,23864,5
202,Truck Batteries,48,14,983,14,35,2,0,0,Vienna,,0,29,,Metz,61,4,22,,1,2,2,2,0,0,0,0,28.7,28813,2
601,Used Packaging,63,20,404,5,15,2,0,0,Lyon,,4,Kaarfor,,Metz,61,4,22,,0,3,2,2,0,0,0,0,23.68,10167,3
575,Chemical Sorbent,141,8,486,6,53,1,0,0,Amsterdam,,9,18,,Metz,61,4,22,,0,2,2,2,0,0,0,0,21.61,11101,2
340,Wheat,165,17,1054,16,19,2,0,0,Ostarva,,2,32,,Metz,61,4,22,,1,1,2,2,0,0,0,0,18.22,19805,1
521,Pet Food,180,20,540,8,54,2,0,0,Nuremberg,,5,29,,Metz,61,4,7,,0,2,2,2,0,0,0,0,22.64,12826,2
508,Sausages,197,17,430,6,10,2,0,0,Calais,,4,18,,Metz,61,4,7,,0,3,2,2,0,0,0,0,29.46,13268,3
9,Cars,10,9,1234,17,54,2,0,0,Paris ,,4,3,,Garz,32,0,24,,2,4,1,2,1,0,0,0,55.34,69391,4
52,Steel Cord,19,14,1582,22,58,1,60,300,Felixstowe,,3,18,,Garz,32,0,24,,0,3,2,2,0,0,0,0,28.95,46694,3
195,Used Plastics,35,9,1180,17,26,2,0,0,Groningen,,9,27,,Garz,32,0,18,,1,3,2,2,0,0,0,0,24.58,29607,3
545,Used Plastics,35,9,548,8,7,2,0,0,Verona,,7,Kaarfor,,Garz,32,0,24,,0,3,2,2,0,0,0,0,20.37,11761,3
598,Used Plastics,35,3,984,14,24,2,0,0,Rostock,,5,27,,Garz,32,0,24,,0,2,2,2,0,0,0,0,9.81,10257,2
321,Beef,50,21,604,8,49,2,0,0,Stuttgart,,5,18,,Garz,32,0,18,,2,6,2,2,0,0,0,0,33.09,20589,6
86,Backhoe Loder,68,8,1021,15,37,2,0,0,Gdansk,,10,2,,Garz,32,0,18,,0,5,1,2,0,0,0,0,39.37,40800,5
268,Industrial Cable Reel,69,34,895,13,7,2,0,0,Hanover,,5,30,,Garz,32,0,24,,0,5,2,1,0,0,0,0,26.31,24149,5
596,Carrots,77,7,727,10,47,2,0,0,Zurich,,12,22,,Garz,32,0,18,,0,2,2,2,0,0,0,0,13.32,10285,2
484,Sodium Hydroxide,78,7,740,11,19,2,0,0,Strasbourg,,4,35,,Garz,32,0,24,,0,8,2,2,1,1,4,0,18.41,14224,8
362,Pears,81,15,535,8,31,2,0,0,Debrecen,,6,32,,Garz,32,0,18,,2,6,2,2,0,0,0,0,34.66,19145,6
392,Non-alcoholic Beer,88,22,535,8,33,2,0,0,Debrecen,,6,7,,Garz,32,0,18,,1,3,2,2,0,0,0,0,31.84,17633,3
597,Sawdust Pannels,91,21,275,4,13,2,0,0,Brno,,2,18,,Garz,32,0,18,,2,3,2,2,0,0,0,0,34.17,10272,3
519,Asphalt Miller- AM0880,97,44,294,4,29,2,0,0,Brno,,2,25,,Garz,32,0,18,,0,5,1,1,0,0,0,0,41.69,12857,5
367,Large Tubes,100,22,535,8,2,2,0,0,Prague,,2,28,,Garz,32,0,8,,2,5,2,2,0,0,0,0,34.2,18896,5
156,Cut Flowers,106,1,977,14,27,2,0,0,Luxembourg,,8,18,,Garz,32,0,18,,0,6,2,2,0,0,0,0,32.82,32666,6
174,Wooden Beams,115,22,999,14,38,2,0,0,Liege,,1,33,,Garz,32,0,24,,0,3,2,2,0,0,0,0,30.76,31326,3
308,Wooden Beams,115,22,693,10,24,2,0,0,Leipzig,,5,33,,Garz,32,0,6,,0,4,2,2,0,0,0,0,29.85,21285,4
422,Industrial Condenser,119,60,249,3,36,2,0,0,Bratislava,,11,10,,Garz,32,0,10,,0,5,1,1,0,0,0,1,63.0,16310,5
271,Brake Fluids,143,5,855,13,17,2,0,0,Lublin,,10,18,,Garz,32,0,24,,2,2,2,2,0,0,0,0,27.47,24085,2
423,Massive Tech Part,156,44,249,3,36,2,0,0,Bratislava,,11,10,,Garz,32,0,10,,0,5,1,1,0,0,0,1,63.0,16310,5
343,Metal Beams,167,21,680,9,28,2,0,0,Kosice,,11,18,,Garz,32,0,28,,1,4,2,2,0,0,0,0,28.16,19746,4
404,Scrap Metals,177,21,1485,21,47,1,60,300,London,,3,22,,Garz,32,0,18,,2,1,2,2,0,0,0,0,11.04,17297,1
77,Cars,10,7,973,14,15,2,0,0,Berlin,,5,2,,Verona,93,7,22,,0,4,1,2,1,0,0,0,43.06,42500,4
21,Cheese,18,18,1472,20,45,1,60,300,Felixstowe,,3,30,,Verona,93,7,22,,2,6,2,2,0,0,0,0,37.84,56596,6
565,Used Plastics,35,9,474,7,2,2,0,0,Munich,,5,Kaarfor,,Verona,93,7,22,,1,3,2,2,0,0,0,0,22.66,11343,3
217,Onions,38,17,777,11,22,2,0,0,Brno,,2,18,,Verona,93,7,22,,2,3,2,2,0,0,0,0,34.95,27753,3
106,Corks,79,5,1228,18,38,1,60,300,Dover,,3,18,,Verona,93,7,22,,0,3,2,2,0,0,0,0,29.8,37577,3
171,Mobile Crane - UTM SD-833,113,36,600,5,47,2,0,0,Linz,,0,12,,Verona,93,7,22,,2,5,1,1,0,0,0,0,51.58,31547,5
370,Lumber,118,17,822,12,1,2,0,0,Leipzig,,5,33,,Verona,93,7,6,,0,4,2,2,0,0,0,0,22.21,18854,4
136,Cars,10,10,653,11,9,2,0,0,Prague,,2,26,,Gdansk,33,10,18,,1,4,1,2,1,0,0,0,53.03,34275,4
245,Empty Pallets,53,22,957,15,16,2,0,0,Dortmund,,5,33,,Gdansk,33,10,18,,0,3,2,2,0,0,0,0,26.33,25796,3
359,Potatoes,86,21,655,11,53,2,0,0,Travemunde,,5,21,,Gdansk,33,10,18,,0,2,2,2,0,0,0,0,28.47,19248,2
120,Non-alcoholic Beer,88,22,1048,16,21,2,0,0,Salzburg,,0,16,,Gdansk,33,10,18,,1,6,2,2,0,0,0,0,33.63,35846,6
553,Wooden Beams,115,21,393,7,9,2,0,0,Bialystok,,10,33,,Gdansk,33,10,6,,0,3,2,2,0,0,0,0,28.06,11628,3
225,Scaffolding,130,21,924,14,27,2,0,0,Linz,,0,5,,Gdansk,33,10,25,,0,3,2,2,0,0,0,0,28.56,26985,3
458,Sugar,187,21,440,7,45,2,0,0,Lublin,,10,18,,Gdansk,33,10,18,,2,3,2,2,0,0,0,0,33.12,15174,3
240,Cars,10,10,483,7,9,1,60,300,Birmingham,,3,2,,Lille,50,4,30,,1,4,1,2,1,0,0,0,51.93,25984,4
409,Cars,10,7,378,5,43,2,0,0,Dusseldorf,,5,29,,Lille,50,4,30,,0,4,1,2,1,0,0,0,43.55,17063,4
678,Reservior Tank,34,11,223,3,37,2,0,0,Rotterdam,,9,35,,Lille,50,4,30,,0,4,2,2,0,0,0,0,29.22,7116,4
685,Roofing Felt,52,19,211,3,20,2,0,0,Paris ,,4,30,,Lille,50,4,30,,1,3,2,2,0,0,0,0,29.94,6917,3
355,Empty Pallets,53,22,622,9,7,2,0,0,Hanover,,5,8,,Lille,50,4,30,,2,2,2,2,0,0,0,0,30.21,19390,2
72,Floor Pannels,59,19,1487,22,5,2,0,0,Bialystok,,10,32,,Lille,50,4,30,,1,5,2,2,0,0,0,0,28.38,42806,5
666,Floor Pannels,59,21,281,4,0,2,0,0,Luxembourg,,8,18,,Lille,50,4,30,,0,5,2,2,0,0,0,0,25.0,7624,5
147,Used Packaging,63,20,1263,18,31,2,0,0,Lodz,,10,27,,Lille,50,4,30,,0,3,2,2,0,0,0,0,25.91,33326,3
656,Used Packaging,63,20,284,3,53,2,0,0,Paris ,,4,34,,Lille,50,4,30,,1,3,2,2,0,0,0,0,25.61,7873,3
94,Oranges,67,20,1263,18,31,2,0,0,Lodz,,10,18,,Lille,50,4,30,,0,3,2,2,0,0,0,0,30.99,39841,3
97,Atlantic Cod Fillet,75,16,1277,17,41,2,0,0,Garz,,0,18,,Lille,50,4,30,,0,6,2,2,0,0,0,0,46.67,39262,6
548,Wood Shavings,201,4,1124,16,33,2,0,0,Poznan,,10,33,,Lille,50,4,30,,1,7,2,2,0,0,0,0,9.87,11698,7
368,Cars,10,7,388,5,12,2,0,0,Paris ,,4,30,,Luxembourg,56,8,18,,1,4,1,2,1,0,0,0,47.12,18882,4
31,Fuel Tanker,27,9,1240,17,0,1,60,300,Glasgow,,3,19,,Luxembourg,56,8,29,,2,8,2,2,0,1,3,0,41.67,52567,8
56,Excavator Volvo EW240E MH,45,26,966,12,23,2,0,0,Poznan,,10,33,,Luxembourg,56,8,25,,2,5,1,1,0,0,0,0,45.6,46021,5
694,Beef,50,21,229,3,6,2,0,0,Reims,,4,7,,Luxembourg,56,8,18,,0,6,2,2,0,0,0,0,25.44,7426,6
339,Empty Pallets,53,22,626,9,5,1,60,300,Felixstowe,,3,33,,Luxembourg,56,8,18,,2,3,2,2,0,0,0,0,30.21,19809,3
501,Empty Pallets,53,22,439,6,2,2,0,0,Paris ,,4,34,,Luxembourg,56,8,18,,2,2,2,2,0,0,0,0,29.43,13520,2
206,Ventilation Shaft,55,4,790,11,22,1,60,300,Plymouth,,3,29,,Luxembourg,56,8,12,,1,4,2,2,0,0,0,0,35.15,28666,4
618,Used Packaging,63,20,369,6,26,2,0,0,Frankfurt,,5,Kaarfor,,Luxembourg,56,8,18,,0,3,2,2,0,0,0,0,23.68,9338,3
115,Motor Oil,85,18,1015,15,4,2,0,0,Vienna,,0,4,,Luxembourg,56,8,12,,1,3,2,2,0,0,0,0,35.08,36207,3
495,Wooden Beams,115,21,467,6,28,2,0,0,Geneva,,12,33,,Luxembourg,56,8,25,,0,3,2,2,0,0,0,0,28.06,13705,3
177,Lumber,118,17,1294,20,43,2,0,0,Olsztyn,,10,33,,Luxembourg,56,8,25,,1,5,2,2,0,0,0,0,23.56,31083,5
469,Metal Centering,145,28,388,50,10,2,0,0,Paris ,,4,30,,Luxembourg,56,8,12,,2,5,2,1,0,0,0,0,36.93,14930,5
410,Rye,169,21,820,11,49,1,60,300,Swansea,,3,6,,Luxembourg,56,8,18,,1,7,2,2,0,0,0,0,19.71,17061,7
612,Sand,210,21,499,8,12,2,0,0,Hanover,,5,25,,Luxembourg,56,8,12,,1,7,2,2,0,0,0,0,17.97,9566,7
11,Shock Absorbers,12,16,1464,20,47,2,0,0,Kosice,,11,18,,Geneva,34,12,22,,2,3,2,2,0,0,0,0,44.88,66309,3
262,Chicken Meat,22,17,729,10,45,2,0,0,Venice,,7,18,,Geneva,34,12,22,,2,6,2,2,0,0,0,0,32.92,24602,6
43,Toys,37,9,1308,19,52,2,0,0,Lodz,,10,22,,Geneva,34,12,30,,1,3,2,2,0,0,0,0,37.05,49057,3
198,Rock Bucket Volvo SPN PT SEG,40,3,890,13,15,2,0,0,Hanover,,5,28,,Geneva,34,12,33,,0,5,1,2,0,0,0,0,32.41,29442,5
189,Empty Pallets,53,21,968,13,40,1,60,300,London,,3,27,,Geneva,34,12,22,,2,3,2,2,0,0,0,0,30.05,29987,3
139,Roof Tiles,64,20,942,13,48,2,0,0,Klagenfurt,,0,31,,Geneva,34,12,22,,2,2,2,2,0,0,0,0,35.61,34142,2
100,Mozzarela,76,20,1053,15,18,2,0,0,Berlin,,5,7,,Geneva,34,12,22,,2,6,2,2,0,0,0,0,36.08,38594,6
137,Pork,98,18,1140,16,53,2,0,0,Kiel,,5,22,,Geneva,34,12,22,,0,6,2,2,0,0,0,0,29.49,34217,6
293,Cauliflower,153,9,729,10,48,2,0,0,Venice,,7,7,,Geneva,34,12,27,,0,3,2,2,0,0,0,0,29.8,22325,3
431,Pet Food,180,18,728,10,45,2,0,0,Venice,,7,7,,Geneva,34,12,22,,0,2,2,2,0,0,0,0,21.23,16054,2
472,Train Azies ,188,20,334,4,43,2,0,0,Turnin,,7,32,,Geneva,34,12,22,,0,4,1,2,0,0,0,0,42.57,14818,4
665,Canned Pork,217,21,250,3,41,2,0,0,Zurich,,12,22,,Geneva,34,12,30,,1,3,2,2,0,0,0,0,28.16,7640,3
667,Polystyrene Boxes,218,3,250,3,40,2,0,0,Zurich,,12,29,,Geneva,34,12,30,,2,3,2,2,0,0,0,0,28.08,7621,3
371,Shock Absorbers,12,16,517,8,25,2,0,0,Kassel,,5,30,,Brussels,12,1,Transinet,,0,3,2,2,0,0,0,0,35.0,18697,3
232,Train Undercarriage,25,20,537,7,56,2,0,0,Frankfurt,,5,30,,Brussels,12,1,Transinet,,1,5,1,2,0,0,0,0,47.88,26310,5
219,Used Plastics,35,9,1196,17,24,2,0,0,Vienna,,0,27,,Brussels,12,1,Transinet,,0,3,2,2,0,0,0,0,22.28,27252,3
397,Tractors,41,11,362,5,26,2,0,0,Dortmund,,5,33,,Brussels,12,1,Transinet,,1,5,2,2,0,0,0,0,46.73,17518,5
426,Used Packaging,63,20,575,8,43,2,0,0,Hanover,,5,13,,Brussels,12,1,Transinet,,1,3,2,2,0,0,0,0,27.1,16180,3
87,Industrial Cable Reel,69,34,1480,21,18,2,0,0,Budapest,,6,30,,Brussels,12,1,Transinet,,0,5,2,1,0,0,0,0,27.09,40694,5
226,Pesticides,105,10,1484,21,26,2,0,0,Budapest,,6,19,,Brussels,12,1,6,,0,8,2,2,0,1,5,0,17.71,26888,8
348,Metal Cans,150,4,646,9,54,1,60,300,Plymouth,,3,29,,Brussels,12,1,Transinet,,1,3,2,2,0,0,0,0,29.05,19665,3
454,Fertilizer,185,20,434,5,58,2,0,0,Strasbourg,,4,35,,Brussels,12,1,Transinet,,1,3,2,2,0,0,0,0,34.0,15354,3
15,Helicopter- 1808TX,14,3,1063,15,24,1,60,300,Frankfurt,,5,30,,Brimingham,10,3,22,,0,5,1,2,1,0,0,0,58.4,62979,5
17,Nitrocellulose,15,13,1290,18,28,2,0,0,Bratislava,,11,35,,Rotterdam,80,9,35,,2,4,2,2,1,1,4,0,46.94,61147,4
247,Articulated Hauler Volvo A25G,16,25,594,8,44,2,0,0,Kiel,,5,29,,Rotterdam,80,9,Transinet,,1,5,1,1,0,0,0,0,41.93,25509,5
211,Cheese,18,18,752,10,46,1,60,300,Birmingham,,3,22,,Rotterdam,80,9,Transinet,,2,6,2,2,0,0,0,0,35.99,27962,6
54,Excavator Volvo EC220E,44,20,1005,14,58,2,0,0,Prague,,2,28,,Rotterdam,80,9,25,,2,5,1,2,0,0,0,0,45.6,46432,5
233,Tracks,47,11,672,9,59,2,0,0,Stuttgart,,5,28,,Rotterdam,80,9,Transinet,,1,5,2,2,0,0,0,0,38.21,26276,5
322,Empty Pallets,53,22,779,11,26,2,0,0,Nuremberg,,5,31,,Rotterdam,80,9,Transinet,,0,3,2,2,0,0,0,0,25.55,20504,3
638,Nuts,62,18,223,14,17,1,370,995,Manchester,,3,18,,Rotterdam,80,9,Transinet,,2,3,2,2,0,0,0,0,31.02,8512,3
535,Roof Tiles,64,20,325,15,51,1,370,995,Carlisle,,3,31,,Rotterdam,80,9,25,,2,3,2,2,0,0,0,0,32.93,12297,3
610,Backhoe Loder,68,8,228,14,20,1,370,995,Manchester,,3,33,,Rotterdam,80,9,22,,0,5,1,2,0,0,0,0,35.43,9672,5
88,Diesel,70,23,801,11,34,1,60,300,Grimsby,,3,35,,Rotterdam,80,9,22,,0,8,2,2,0,1,3,0,49.74,40744,8
114,Sodium Hydroxide,78,18,1097,15,57,2,0,0,Salzburg,,0,24,,Rotterdam,80,9,35,,0,8,2,2,0,1,6,0,32.7,36477,8
127,Nitrogen,92,7,664,10,4,2,0,0,Berlin,,5,19,,Rotterdam,80,9,35,,2,8,2,2,1,1,2,0,52.38,35379,8
550,Pork,98,18,323,15,46,1,370,995,Carlisle,,3,6,,Rotterdam,80,9,22,,2,6,2,2,0,0,0,0,31.17,11663,6
154,Locomotive- Vossloh G6,104,61,639,20,16,1,370,995,Aberdeen,,3,29,,Rotterdam,80,9,22,,1,5,1,1,0,0,0,0,49.11,32976,5
512,Rice,109,22,373,5,13,2,0,0,Calais,,4,29,,Rotterdam,80,9,22,,2,3,2,2,0,0,0,0,33.76,13192,3
173,Neon,114,10,638,20,12,1,370,995,Aberdeen,,3,19,,Rotterdam,80,9,35,,2,8,2,2,1,1,2,0,46.76,31425,8
663,Plastic Flim Rolls,124,11,326,15,53,1,370,995,Carlisle,,3,31,,Rotterdam,80,9,Transinet,,0,2,2,2,0,0,0,0,18.65,7675,2
445,Garlic,171,12,537,7,31,2,0,0,Strasbourg,,4,22,,Rotterdam,80,9,22,,0,3,2,2,0,0,0,0,27.81,15532,3
689,Coal,204,21,403,6,12,2,0,0,Dortmund,,5,28,,Rotterdam,80,9,22,,2,1,2,2,0,0,0,0,15.34,6784,1
719,Reinforcing Bars,222,21,129,9,59,1,207,960,Felixstowe,,3,18,,Rotterdam,80,9,Transinet,,0,4,2,2,0,0,0,0,23.06,4535,4
19,Articulated Hauler Volvo A25G,16,25,1306,18,41,2,0,0,Klagenfurt,,0,30,,Paris,72,4,17,,1,5,1,1,0,0,0,0,43.91,57950,5
470,Used Plastics,35,9,664,9,39,1,60,300,Swansea,,3,Kaarfor,,Paris,72,4,30,,0,2,2,2,0,0,0,0,21.0,14847,2
149,Empty Pallets,53,22,1054,15,27,2,0,0,Rostock,,5,27,,Paris,72,4,30,,2,3,2,2,0,0,0,0,30.99,33259,3
421,Chimney Systems,96,18,533,6,50,2,0,0,Lyon,,4,31,,Paris,72,4,30,,0,3,2,2,0,0,0,0,29.51,16329,3
196,Plastic Flim Rolls,124,18,1001,14,40,2,0,0,Kiel,,5,29,,Paris,72,4,30,,1,3,2,2,0,0,0,0,28.96,29584,3
241,Scaffolding,130,22,800,11,38,2,0,0,Hanover,,5,13,,Paris,72,4,17,,1,3,2,2,0,0,0,0,31.7,25964,3
488,Big-Bags of Seeds,142,19,487,7,2,2,0,0,Amsterdam,,9,18,,Paris,72,4,30,,0,3,2,2,0,0,0,0,27.71,14095,3
283,Salmon Fillet,147,14,665,9,31,2,0,0,Groningen,,9,7,,Paris,72,4,30,,1,3,2,2,0,0,0,0,34.09,23271,3
413,Rooflights,178,5,532,6,53,2,0,0,Lyon,,4,30,,Paris,72,4,1,,0,3,2,2,0,0,0,0,30.6,16879,3
503,Yacht,196,6,239,3,58,1,60,300,Dover,,3,18,,Paris,72,4,17,,0,5,1,2,1,0,0,0,52.37,13416,5
619,Grass Rolls,211,15,247,4,24,1,60,300,Dover,,3,18,,Paris,72,4,11,,2,3,2,2,0,0,0,0,30.68,9306,3
105,Articulated Hauler Volvo A25G,16,25,865,12,45,2,0,0,Salzburg,,0,25,,Lodz,53,10,22,,1,5,1,1,0,0,0,0,42.92,37729,5
201,Fuel Tanker,27,9,762,11,13,2,0,0,Klagenfurt,,0,15,,Lodz,53,10,22,,1,8,2,2,0,1,3,0,37.18,28933,8
642,Iron Pipes,31,18,261,4,22,2,0,0,Bialystok,,10,12,,Lodz,53,10,18,,2,4,2,2,0,0,0,0,29.88,8399,4
204,Reservior Tank,34,11,742,10,52,2,0,0,Klagenfurt,,0,31,,Lodz,53,10,22,,2,4,2,2,0,0,0,0,38.02,28809,4
418,Liver Paste,39,17,560,8,8,2,0,0,Kosice,,11,18,,Lodz,53,10,18,,0,6,2,2,0,0,0,0,28.77,16714,6
141,Plums,58,16,936,13,54,2,0,0,Groningen,,9,6,,Lodz,53,10,22,,2,6,2,2,0,0,0,0,35.67,33985,6
428,Young Seedings,121,3,506,7,31,2,0,0,Vienna,,0,6,,Lodz,53,10,27,,0,3,2,2,0,0,0,0,30.6,16083,3
646,Rye,169,21,392,6,4,2,0,0,Berlin,,5,6,,Lodz,53,10,22,,1,7,2,2,0,0,0,0,19.16,8112,7
497,Lamb Stomachs,170,13,439,7,30,2,0,0,Prague,,2,7,,Lodz,53,10,18,,0,6,2,2,0,0,0,0,29.6,13595,6
398,Protective Clothing,175,20,578,8,43,2,0,0,Budapest,,6,30,,Lodz,53,10,18,,0,3,2,2,0,0,0,0,29.26,17513,3
681,Scrap Metals,177,21,728,40,34,2,0,0,Szeged,,6,31,,Lodz,53,10,22,,0,1,2,2,0,0,0,0,8.88,7065,1
671,Pesto,193,18,218,3,47,2,0,0,Wroclaw,,10,7,,Lodz,53,10,7,,1,3,2,2,0,0,0,0,31.33,7430,3
563,Ore,203,22,733,10,46,2,0,0,Garz,,0,28,,Lodz,53,10,18,,1,1,2,2,0,0,0,0,14.78,11433,1
620,Articulated Hauler Volvo A25G,16,25,222,3,29,2,0,0,Salzburg,,0,25,,Innsbruck,40,0,28,,1,5,1,1,0,0,0,0,28.97,9251,5
365,Crawl Tractor,23,13,426,6,24,2,0,0,Klagenfurt,,0,33,,Innsbruck,40,0,24,,2,5,1,2,0,0,0,0,43.11,18964,5
28,Nylon Cord,24,13,1582,22,13,1,60,300,Manchester,,3,18,,Innsbruck,40,0,24,,1,3,2,2,0,0,0,0,32.76,52728,3
590,Used Plastics,35,3,1014,13,57,2,0,0,Paris ,,4,34,,Innsbruck,40,0,24,,0,2,2,2,0,0,0,0,9.81,10552,2
478,Rock Bucket Volvo SPN PT SEG,40,3,456,6,52,2,0,0,Strasbourg,,4,28,,Innsbruck,40,0,28,,0,5,1,2,0,0,0,0,30.78,14635,5
49,Trucks- Scania,42,14,844,12,21,2,0,0,Szczecin,,10,32,,Innsbruck,40,0,24,,0,5,1,2,1,0,0,0,55.06,47074,5
592,Nuts,62,18,359,5,18,2,0,0,Linz,,0,22,,Innsbruck,40,0,24,,0,3,2,2,0,0,0,0,25.57,10496,3
131,Fuel Oil,93,23,709,10,24,2,0,0,Berlin,,5,19,,Innsbruck,40,0,24,,0,8,2,2,0,1,3,0,48.36,34890,8
558,Juice Concentrate,133,27,415,6,16,2,0,0,Venice,,7,18,,Innsbruck,40,0,24,,0,8,2,1,0,0,0,0,26.28,11507,8
613,Beverages,148,27,219,3,25,2,0,0,Salzburg,,0,16,,Innsbruck,40,0,24,,2,8,2,1,1,0,0,0,40.92,9561,8
384,Garlic,171,12,607,9,5,2,0,0,Brno,,2,6,,Innsbruck,40,0,24,,0,3,2,2,0,0,0,0,28.68,18007,3
416,Lead,179,9,835,12,19,2,0,0,Duisburg,,5,19,,Innsbruck,40,0,24,,1,8,2,2,0,1,6,0,19.38,16782,8
500,Clothes,195,15,393,5,51,2,0,0,Stuttgart,,5,18,,Innsbruck,40,0,24,,2,2,2,2,0,0,0,0,32.97,13558,2
680,Ore,203,22,501,7,35,2,0,0,Geneva,,12,30,,Innsbruck,40,0,24,,0,1,2,2,0,0,0,0,12.92,7071,1
55,Kerosene,17,23,725,10,30,2,0,0,Munich,,5,35,,Budapest,13,6,19,,2,8,2,2,0,1,3,0,63.02,46287,8
679,Iron Pipes,31,18,224,3,29,2,0,0,Kosice,,11,12,,Budapest,13,6,30,,2,5,2,2,0,0,0,0,29.07,7111,5
354,Apples,51,20,580,8,42,2,0,0,Lodz,,10,18,,Budapest,13,6,30,,1,3,2,2,0,0,0,0,32.63,19524,3
574,Floor Pannels,59,19,447,6,34,2,0,0,Ostarva,,2,12,,Budapest,13,6,30,,0,5,2,2,0,0,0,0,23.52,11112,5
150,Heavy Metals,102,20,891,13,53,2,0,0,Gdansk,,10,35,,Budapest,13,6,31,,0,8,2,2,0,1,5,0,36.61,33220,8
621,Heavy Metals,102,10,447,6,33,2,0,0,Ostarva,,2,19,,Budapest,13,6,31,,1,8,2,2,0,1,5,0,19.16,9166,8
393,Almond,173,17,559,7,49,2,0,0,Prague,,2,30,,Budapest,13,6,Kaarfor,,1,3,2,2,0,0,0,0,30.46,17626,3
493,High-Tech Device,174,45,227,3,35,2,0,0,Kosice,,11,10,,Budapest,13,5,10,,0,5,1,1,0,0,0,1,58.15,13825,5
507,Gaint Silo,194,40,227,3,35,2,0,0,Kosice,,11,10,,Budapest,13,6,10,,0,5,1,1,0,0,0,1,55.73,13274,5
326,Steel Cord,19,14,672,9,18,2,0,0,Luxembourg,,8,18,,Milan,62,7,Spinelli,,1,3,2,2,0,0,0,0,29.43,20376,3
84,Empty Pallets,53,21,1510,22,40,2,0,0,Lublin,,10,Kaarfor,,Milan,62,7,Cargotras,,0,3,2,2,0,0,0,0,27.04,41425,3
327,Empty Pallets,53,22,774,11,22,2,0,0,Nuremberg,,5,29,,Milan,62,7,H,,0,3,2,2,0,0,0,0,25.55,20375,3
75,Fresh Herbs,61,5,1403,20,19,2,0,0,Lodz,,10,7,,Milan,62,7,CS,,0,6,2,2,0,0,0,0,29.9,42554,6
82,Airmail,66,10,1007,13,57,2,0,0,Lille,,4,30,,Milan,62,7,ACI,,2,3,2,2,0,0,0,0,40.94,41827,3
93,Natural Rubber,74,21,1028,14,2,2,0,0,Calais,,4,29,,Milan,62,7,Spinelli,,1,3,2,2,0,0,0,0,38.09,39754,3
108,Maple Syrup,80,17,1191,17,57,2,0,0,Debrecen,,6,32,,Milan,62,7,Cargotras,,0,3,2,2,0,0,0,0,30.83,37324,3
734,Salt & Spices,84,13,126,2,15,2,0,0,Turnin,,7,32,,Milan,62,7,D,,0,2,2,2,0,0,0,0,21.34,3289,2
726,Beans,120,12,115,2,2,2,0,0,Turnin,,7,6,,Milan,62,7,CS,,2,3,2,2,0,0,0,0,29.99,4049,3
23,Radiators,20,9,1273,16,34,2,0,0,Verona,,7,22,,Warsaw,95,10,29,,1,3,2,2,0,0,0,0,42.48,54674,3
32,Fireworks,28,9,1089,16,1,2,0,0,Stuttgart,,5,18,,Warsaw,95,10,29,,2,3,2,2,1,1,1,0,47.74,52558,3
107,Used Plastics,35,9,1610,22,24,2,0,0,Turnin,,7,27,,Warsaw,95,10,22,,0,3,2,2,0,0,0,0,22.92,37506,3
395,Excavator Volvo EW240E MH,45,26,451,7,15,2,0,0,Szczecin,,10,12,,Warsaw,95,10,29,,0,5,1,1,0,0,0,0,37.65,17582,5
64,Apples,51,20,1297,19,4,2,0,0,Verona,,7,6,,Warsaw,95,10,29,,1,3,2,2,0,0,0,0,34.42,45238,3
260,Empty Pallets,53,22,800,12,32,2,0,0,Szeged,,6,31,,Warsaw,95,10,29,,2,3,2,2,0,0,0,0,30.21,24766,3
228,Used Packaging,63,20,1040,15,20,2,0,0,Innsbruck,,0,31,,Warsaw,95,10,22,,0,3,2,2,0,0,0,0,25.17,26776,3
701,Sawdust Pannels,91,21,181,3,9,2,0,0,Olsztyn,,10,33,,Warsaw,95,10,29,,0,3,2,2,0,0,0,0,28.5,5759,3
351,Rye,169,18,1040,15,19,2,0,0,Innsbruck,,0,7,,Warsaw,95,10,22,,1,1,2,2,0,0,0,0,18.22,19551,1
589,Gravel,202,21,622,10,18,2,0,0,Prague,,2,28,,Warsaw,95,10,22,,1,1,2,2,0,0,0,0,16.01,10559,1
213,Radiators,20,9,678,9,26,2,0,0,Geneva,,12,22,,Liege,49,1,29,,1,3,2,2,0,0,0,0,40.27,27902,3
30,Oil,26,24,1074,16,38,2,0,0,Ostarva,,2,28,,Liege,49,1,18,,2,8,2,2,0,1,3,0,48.48,52664,8
209,Used Plastics,35,9,1244,18,59,2,0,0,Lublin,,10,Kaarfor,,Liege,49,1,29,,0,3,2,2,0,0,0,0,22.28,28322,3
265,Excavator Volvo EW240E MH,45,26,610,8,54,1,60,300,Felixstowe,,3,33,,Liege,49,1,33,,0,5,1,1,0,0,0,0,38.65,24474,5
447,Empty Pallets,53,21,602,8,8,2,0,0,Bern,,12,Kaarfor,,Liege,49,1,29,,0,2,2,2,0,0,0,0,24.78,15515,2
71,Plums,58,16,1156,17,55,2,0,0,Gdansk,,10,6,,Liege,49,1,29,,2,3,2,2,0,0,0,0,36.56,42865,3
191,Used Packaging,63,20,1048,14,1,2,0,0,Turnin,,7,27,,Liege,49,1,29,,1,3,2,2,0,0,0,0,27.84,29778,3
168,Oranges,67,20,1035,15,6,2,0,0,Vienna,,7,29,,Liege,49,1,29,,0,3,2,2,0,0,0,0,30.1,31757,3
363,Diesel,70,25,358,4,57,2,0,0,Calais,,4,19,,Liege,49,1,33,,0,8,2,1,0,1,3,0,51.67,19099,8
380,Canned Beans,89,16,644,9,38,2,0,0,Kiel,,5,29,,Liege,49,1,29,,0,3,2,2,0,0,0,0,27.55,19344,3
625,High-Tech Device,174,45,145,2,40,2,0,0,Luxembourg,,8,10,,Liege,49,1,10,,0,5,1,1,0,0,0,1,58.14,9039,5
626,Boiler Part,176,45,145,2,40,2,0,0,Luxembourg,,8,10,,Liege,49,1,10,,0,5,1,1,0,0,0,1,58.14,9039,5
567,Coal,204,21,678,9,26,2,0,0,Geneva,,12,22,,Liege,49,1,29,,2,1,2,2,0,0,0,0,15.75,11279,1
713,Sand,210,23,228,3,44,2,0,0,Dortmund,,5,28,,Liege,49,0,12,,2,1,2,2,0,0,0,0,19.38,5018,1
26,Chicken Meat,22,17,1742,24,50,2,0,0,Szeged,,6,6,,Calasis,15,4,18,,0,3,2,2,0,0,0,0,30.39,53553,3
350,Mercury Chloride ,33,7,959,13,55,2,0,0,Munich,,5,35,,Calasis,15,4,19,,1,8,2,2,0,1,5,0,19.77,19564,8
153,Used Plastics,35,9,1322,19,8,2,0,0,Klagenfurt,,0,30,,Calasis,15,4,29,,1,3,2,2,0,0,0,0,24.58,33098,3
269,Used Plastics,35,7,1089,15,47,2,0,0,Salzburg,,0,27,,Calasis,15,4,18,,0,2,2,2,0,0,0,0,21.6,24118,2
381,Tracks,47,11,433,7,38,1,49,384,Sheffield,,3,28,,Calasis,15,4,29,,2,5,2,2,0,0,0,0,39.67,18162,5
541,Empty Pallets,53,21,458,7,46,1,49,384,Swansea,,3,Kaarfor,,Calasis,15,4,18,,0,3,2,2,0,0,0,0,24.02,11985,3
677,Empty Pallets,53,22,221,4,46,1,49,384,Felixstowe,,3,18,,Calasis,15,4,29,,2,3,2,2,0,0,0,0,27.87,7143,3
95,Driller - D-50,57,8,819,10,39,2,0,0,Lyon,,4,28,,Calasis,15,4,18,,1,5,1,2,0,0,0,0,47.76,39717,5
334,Used Packaging,63,20,795,10,42,2,0,0,Bern,,12,Kaarfor,,Calasis,15,4,29,,0,3,2,2,0,0,0,0,24.43,20018,3
427,Pears,81,15,447,6,15,2,0,0,Amsterdam,,3,29,,Calasis,15,3,29,,2,3,2,2,0,0,0,0,34.66,16094,3
113,Salt & Spices,84,12,1352,19,20,2,0,0,Vienna,,0,29,,Calasis,15,4,18,,2,2,2,2,0,0,0,0,26.56,36505,2
530,Plastic Flim Rolls,124,12,758,7,46,1,49,384,Swansea,,3,31,,Calasis,15,4,29,,2,2,2,2,0,0,0,0,25.17,12510,2
406,Caviar,128,14,463,8,10,1,49,384,Plymouth,,3,7,,Calasis,15,4,18,,2,6,2,2,0,0,0,0,34.89,17137,6
450,Chicken Meat,22,17,495,7,20,2,0,0,Wroclaw,,10,6,,Erfurt,28,5,7,,1,6,2,2,0,0,0,0,30.04,15471,6
476,Chicken Meat,22,17,521,7,1,2,0,0,Liege,,1,29,,Dijon,21,4,29,,0,6,2,2,0,0,0,0,27.0,14667,6
496,Used Plastics,35,7,684,10,4,2,0,0,Amsterdam,,9,Kaarfor,,Dijon,21,4,29,,0,2,2,2,0,0,0,0,19.05,13631,2
216,Plums,58,16,782,11,36,2,0,0,Verona,,7,6,,Dijon,21,4,7,,2,6,2,2,0,0,0,0,34.77,27792,6
319,Used Packaging,63,20,819,11,49,2,0,0,Salzburg,,0,27,,Dijon,21,4,29,,0,3,2,2,0,0,0,0,24.43,20606,3
238,Juice Concentrate,133,23,1050,14,22,1,60,300,Birmingham,,3,22,,Dijon,21,4,7,,0,8,2,2,0,0,0,0,23.64,26039,8
440,Almond,173,17,514,6,53,2,0,0,Liege,,1,7,,Dijon,21,4,7,,1,3,2,2,0,0,0,0,29.62,15826,3
27,Crawl Tractor,23,13,1303,19,1,1,60,300,Numberg,,5,6,,Grimsby,36,3,30,,0,5,1,2,0,0,0,0,40.17,53239,5
640,Empty Pallets,53,22,246,14,33,1,370,995,Amsterdam,,9,Kaarfor,,Grimsby,36,3,30,,2,3,2,2,0,0,0,0,27.88,8453,3
704,Driller - D-50,57,8,121,1,47,2,0,0,Sheffield,,3,28,,Grimsby,36,3,30,,0,5,1,2,0,0,0,0,40.32,5479,5
76,Nuts,62,18,1178,16,6,1,60,300,Lyon,,4,30,,Grimsby,36,3,7,,2,3,2,2,0,0,0,0,35.35,42539,3
435,Sodium Hydroxide,78,18,409,7,24,1,49,384,Calais,,4,19,,Grimsby,36,3,35,,2,8,2,2,0,1,6,0,36.56,15938,8
528,Sodium Hydroxide,78,9,640,9,8,2,0,0,Aberdeen,,3,19,,Grimsby,36,3,35,,2,8,2,2,0,1,6,0,18.76,12608,8
483,Garlic,171,12,492,6,45,2,0,0,Glasgow,,3,7,,Grimsby,36,3,30,,0,3,2,2,0,0,0,0,27.8,14279,3
607,Lead,179,9,489,6,43,2,0,0,Glasgow,,3,35,,Grimsby,36,3,35,,1,8,2,2,0,1,5,0,18.85,9816,8
487,Basil,192,21,492,6,45,2,0,0,Glasgow,,3,7,,Grimsby,36,3,30,,2,3,2,2,0,0,0,0,27.44,14102,3
92,Crawl Tractor,23,13,874,12,34,2,0,0,Geneva,,12,30,,Prague,77,2,30,,2,5,1,2,0,0,0,0,45.08,39997,5
414,Rock Bucket Volvo SPN PT SEG,40,3,455,6,53,2,0,0,Garz,,0,28,,Prague,77,2,30,,2,5,1,2,0,0,0,0,36.65,16822,5
494,Beef,50,21,484,7,38,2,0,0,Garz,,0,6,,Prague,77,2,27,,0,6,2,2,0,0,0,0,27.14,13735,6
378,Used Packaging,63,20,658,11,44,2,0,0,Olsztyn,,10,27,,Prague,77,2,30,,1,2,2,2,0,0,0,0,27.1,18430,2
628,Backhoe Loder,68,8,235,3,36,2,0,0,Brno,,2,6,,Prague,77,2,28,,0,5,1,2,0,0,0,0,35.42,8924,5
145,Potatoes,86,22,1083,17,15,1,60,300,Dover,,3,6,,Prague,77,2,30,,0,3,2,2,0,0,0,0,30.25,33749,3
591,Copper Roof Gutters,87,8,331,5,8,2,0,0,Linz,,0,5,,Prague,77,2,30,,1,3,2,2,0,0,0,0,30.07,10552,3
294,Canned Tuna,126,18,689,10,6,2,0,0,Dusseldorf,,5,7,,Prague,77,2,27,,1,3,2,2,0,0,0,0,31.43,22258,3
583,Ore,203,22,697,10,17,2,0,0,Duisburg,,5,18,,Prague,77,2,30,,1,1,2,2,0,0,0,0,14.78,10901,1
112,Crawl Tractor,23,13,920,14,9,2,0,0,Linz,,0,24,,Olsztyn,68,10,33,,0,5,1,2,0,0,0,0,39.19,36951,5
221,Silica,30,19,765,12,35,2,0,0,Hanover,,5,25,,Olsztyn,68,10,30,,2,3,2,2,0,0,0,0,34.77,27201,3
300,Empty Pallets,53,22,632,9,35,2,0,0,Vienna,,0,27,,Olsztyn,68,10,30,,0,3,2,2,0,0,0,0,25.55,21500,3
73,Watermelons,60,20,1148,17,18,2,0,0,Klagenfurt,,0,6,,Olsztyn,68,10,7,,2,6,2,2,0,0,0,0,36.62,42641,6
657,Used Packaging,63,20,371,5,45,2,0,0,Lublin,,10,Kaarfor,,Olsztyn,68,10,30,,0,3,2,2,0,0,0,0,22.94,7871,3
117,Crawl Tractor,23,13,793,11,42,1,60,300,Dortmund,,5,33,,Felixstowe,29,3,30,,2,5,1,2,0,0,0,0,44.09,35866,5
614,Used Plastics,35,7,483,6,18,2,0,0,Swansea,,3,22,,Felixstowe,29,3,18,,0,2,2,2,0,0,0,0,18.47,9522,2
561,Ventilation Shaft,55,4,327,4,22,2,0,0,Sheffield,,3,12,,Felixstowe,29,3,18,,1,4,2,2,0,0,0,0,32.22,11462,4
121,Used Packaging,63,20,1347,19,36,1,60,300,Prague,,2,27,,Felixstowe,29,3,18,,0,3,2,2,0,0,0,0,25.91,35802,3
579,Wheel Loader,127,15,240,5,4,1,49,384,Calais,,4,18,,Felixstowe,29,3,30,,2,5,1,2,0,0,0,0,41.76,11007,5
648,Excavator Bucket,136,25,147,2,3,2,0,0,London,,3,10,,Felixstowe,29,3,10,,0,5,1,1,0,0,0,1,50.87,8097,5
280,Metal Centering,145,28,616,17,5,1,60,300,Hamburg,,5,18,,Felixstowe,29,3,18,,1,5,2,1,0,0,0,0,35.57,23473,5
647,Huge Tiers,158,20,147,2,3,2,0,0,London,,3,10,,Felixstowe,29,3,10,,0,5,1,2,0,0,0,1,50.87,8097,5
474,Square Tubing,189,12,812,11,59,1,60,300,Duisburg,,5,18,,Felixstowe,29,3,30,,1,4,2,2,0,0,0,0,17.13,14811,4
731,Wood Shavings,201,4,418,5,28,2,0,0,Manchester,,3,33,,Felixstowe,29,3,30,,0,1,2,2,0,0,0,0,7.36,3675,1
722,Wheels with Volvo Rims,215,10,137,10,7,1,207,960,Rotterdam,,9,22,,Felixstowe,29,3,18,,0,4,2,2,0,0,0,0,20.28,4339,4
35,Train Undercarriage,25,20,1003,13,40,1,60,300,Felixstowe,,3,30,,Lyon,57,4,30,,1,5,1,2,0,0,0,0,50.19,51239,5
39,Reservior Tank,34,11,1231,19,0,1,60,300,Felixstowe,,3,30,,Lyon,57,4,30,,1,4,1,2,0,0,0,0,50.1,51239,4
62,Beef,50,21,1371,20,0,2,0,0,Poznan,,10,29,,Lyon,57,4,30,,1,6,2,2,0,0,0,0,32.76,45510,6
90,Low Bed Semi Trailers,72,17,1003,16,1,2,0,0,Klagenfurt,,0,15,,Lyon,57,4,31,,1,5,2,2,0,0,0,0,36.0,40604,5
248,Lemonade,135,32,842,12,20,2,0,0,Salzburg,,0,16,,Lyon,57,4,30,,0,3,2,1,0,0,0,0,29.56,25486,3
696,Wheat,165,17,335,4,43,2,0,0,Turnin,,7,32,,Lyon,57,4,30,,1,1,2,2,0,0,0,0,16.76,6215,1
434,Stones,182,23,1162,15,56,1,60,300,Sheffield,,3,28,,Lyon,57,4,1,,0,1,2,2,0,0,0,0,12.95,15953,1
364,Train Undercarriage,25,20,422,6,12,2,0,0,Linz,,0,12,,B.Bystrica,2,11,22,,0,4,1,2,0,0,0,0,43.73,19052,4
706,Used Plastics,35,7,248,3,34,2,0,0,Kosice,,11,27,,B.Bystrica,2,11,22,,1,2,2,2,0,0,0,0,19.39,5409,2
570,Onions,38,7,320,4,37,2,0,0,Vienna,,0,6,,B.Bystrica,2,11,22,,2,3,2,2,0,0,0,0,33.14,11205,3
74,Liver Paste,39,17,1173,16,40,2,0,0,Dusseldorf,,5,29,,B.Bystrica,2,11,29,,2,6,2,2,0,0,0,0,35.77,42599,6
408,Tractors,41,5,643,10,45,2,0,0,Olsztyn,,10,33,,B.Bystrica,2,11,22,,2,5,2,2,0,0,0,0,25.6,17064,5
166,Used Packaging,63,20,1217,17,40,2,0,0,Geneva,,12,27,,B.Bystrica,2,11,29,,0,3,2,2,0,0,0,0,25.91,32135,3
659,Used Packaging,63,20,279,4,10,2,0,0,Ostarva,,2,Kaarfor,,B.Bystrica,2,11,29,,1,3,2,2,0,0,0,0,25.61,7745,3
697,Used Packaging,63,20,248,3,34,2,0,0,Kosice,,11,27,,B.Bystrica,2,11,22,,0,3,2,2,0,0,0,0,22.19,6104,3
463,Atlantic Cod Fillet,75,16,451,6,21,2,0,0,Garz,,0,24,,B.Bystrica,2,11,29,,1,6,2,2,0,0,0,0,32.04,15052,6
239,Medical Equipments,83,5,491,7,34,2,0,0,Lublin,,10,18,,B.Bystrica,2,11,29,,2,6,1,2,1,0,0,0,51.71,25992,6
547,Computer Processers,111,3,248,3,33,2,0,0,Kosice,,11,18,,B.Bystrica,2,11,22,,1,3,1,2,1,0,0,0,44.85,11724,3
264,Chemical Sorbent,141,8,1042,15,38,2,0,0,Hamburg,,5,32,,B.Bystrica,2,11,22,,0,2,2,2,0,0,0,0,22.96,24527,2
588,Lamb Stomachs,170,13,349,5,16,2,0,0,Debrecen,,6,7,,B.Bystrica,2,11,7,,0,6,2,2,0,0,0,0,48.67,10607,6
624,Coconut Oil,213,21,326,4,55,2,0,0,Szeged,,6,18,,B.Bystrica,2,11,22,,0,3,2,2,0,0,0,0,26.11,9112,3
582,Oil,26,23,265,4,4,2,0,0,Frankfurt,,5,30,,Dortmund,22,5,33,,1,8,2,2,0,1,3,0,39.11,10965,8
603,Oil Fileters,32,12,281,4,15,2,0,0,Amsterdam,,9,29,,Dortmund,22,5,Transinet,,1,3,2,2,0,0,0,0,33.19,9927,3
231,Excavator Volvo EW240E MH,45,26,667,10,13,2,0,0,Prague,,2,28,,Dortmund,22,5,33,,0,4,1,1,0,0,0,0,38.65,26378,4
304,Excavator Volvo EW240E MH,45,26,476,7,11,2,0,0,Stuttgart,,5,33,,Dortmund,22,5,Transinet,,2,5,1,1,0,0,0,0,43.61,21360,5
183,Truck Batteries,48,18,843,12,1,2,0,0,Lyon,,4,30,,Dortmund,22,5,Transinet,,1,3,2,2,0,0,0,0,35.77,30755,3
251,Used Packaging,63,20,981,15,19,2,0,0,Turnin,,7,8,,Dortmund,22,5,Transinet,,0,3,2,2,0,0,0,0,25.17,25290,3
520,Large Tubes,100,22,358,5,41,2,0,0,Stuttgart,,5,28,,Dortmund,22,5,28,,2,4,2,2,0,0,0,0,34.2,12843,4
465,Pesticides,105,21,444,7,1,2,0,0,Strasbourg,,4,35,,Dortmund,22,5,33,,0,8,2,2,0,1,5,0,32.38,14976,8
306,Frozen Hake,110,17,690,10,20,1,60,300,London,,3,22,,Dortmund,22,5,Kaarfor,,0,6,2,2,0,0,0,0,29.6,21326,6
720,Wood Bark,214,6,476,7,11,2,0,0,Stuttgart,,5,33,,Dortmund,22,5,Transinet,,1,1,2,2,0,0,0,0,8.19,4498,1
717,Barley,220,18,230,3,34,2,0,0,Bremen,,5,22,,Dortmund,22,5,Transinet,,1,7,2,2,0,0,0,0,18.09,4760,7
205,Fuel Tanker,27,10,697,11,32,2,0,0,Olsztyn,,10,30,,Dresden,24,5,31,,1,8,2,2,0,1,3,0,40.43,28783,8
459,Truck Batteries,48,15,551,8,40,2,0,0,Bremen,,5,22,,Dresden,24,5,Transinet,,0,0,2,2,0,0,0,0,26.38,15134,0
576,Apples,51,9,782,12,7,2,0,0,Bialystok,,10,32,,Dresden,24,5,27,,0,2,2,2,0,0,0,0,13.37,11053,2
277,Olives,54,18,777,11,4,2,0,0,Kosice,,11,18,,Dresden,24,5,Transinet,,0,3,2,2,0,0,0,0,29.9,23831,3
70,Driller - D-50,57,8,874,12,57,2,0,0,Reims,,4,28,,Dresden,24,5,Transinet,,1,5,1,2,0,0,0,0,48.89,43327,5
110,Used Car Batteries,82,17,1069,15,16,2,0,0,Paris ,,4,17,,Dresden,24,5,Transinet,,2,3,2,2,0,0,0,0,34.01,36955,3
399,Lumber,118,17,759,11,10,2,0,0,Zurich,,12,33,,Dresden,24,5,6,,0,4,2,2,0,0,0,0,22.2,17453,4
185,Young Seedings,121,5,592,9,13,2,0,0,Osnabruck,,5,7,,Dresden,24,5,27,,0,0,2,2,0,0,0,0,50.69,30607,0
318,Caviar,128,14,560,8,21,2,0,0,Mannheim,,5,7,,Dresden,24,5,Transinet,,2,3,2,2,0,0,0,0,35.81,20653,3
312,Straw Bales,159,15,771,11,2,2,0,0,Szeged,,6,22,,Dresden,24,5,Transinet,,0,4,2,2,0,0,0,0,26.33,20902,4
729,Wood Shavings,201,4,413,6,30,2,0,0,Frankfurt,,5,33,,Dresden,24,5,Transinet,,0,7,2,2,0,0,0,0,8.18,3977,7
577,Coal,204,21,782,12,3,2,0,0,Bialystok,,10,32,,Dresden,24,5,Transinet,,0,1,2,2,0,0,0,0,13.32,11019,1
599,Fuel Tanker,27,10,241,4,24,2,0,0,Lublin,,10,22,,Bialystok,6,10,6,,2,8,2,2,0,1,3,0,39.77,10185,8
555,Used Plastics,35,9,539,9,21,2,0,0,Kosice,,10,18,,Bialystok,6,10,Transinet,,0,3,2,2,0,0,0,0,20.37,11578,3
693,Used Plastics,35,7,253,4,16,2,0,0,Lodz,,10,27,,Bialystok,6,10,Transinet,,2,2,2,2,0,0,0,0,23.5,6545,2
536,Empty Pallets,53,22,397,6,2,2,0,0,Poznan,,10,Kaarfor,,Bialystok,6,10,Transinet,,2,3,2,2,0,0,0,0,29.43,12283,3
654,Empty Pallets,53,22,255,4,40,2,0,0,Olsztyn,,10,33,,Bialystok,6,10,Transinet,,2,3,2,2,0,0,0,0,28.65,7906,3
578,Motor Oil,85,7,783,12,1,2,0,0,Vienna,,0,4,,Bialystok,6,10,12,,1,2,2,2,0,0,0,0,13.3,11016,2
645,Canned Tuna,126,18,246,4,28,2,0,0,Olsztyn,,10,7,,Bialystok,6,10,Transinet,,2,6,2,2,0,0,0,0,30.91,8205,6
424,Massive Tech Part,156,44,248,4,28,2,0,0,Olsztyn,,10,10,,Bialystok,6,10,10,,0,5,1,1,0,0,0,1,63.0,16282,5
509,Huge Tiers,158,20,248,4,28,2,0,0,Olsztyn,,10,10,,Bialystok,6,10,10,,0,5,1,2,0,0,0,1,50.89,13267,5
250,Fireworks,28,9,544,7,50,2,0,0,Calais,,4,18,,Duisburg,25,5,18,,2,3,2,2,1,1,1,0,45.63,25420,3
129,Excavator Volvo EW240E MH,45,26,874,12,49,2,0,0,Brno,,2,18,,Duisburg,25,5,18,,0,5,1,1,0,0,0,0,39.64,35248,5
180,Excavator Volvo EW240E MH,45,26,785,11,49,2,0,0,Geneva,,12,33,,Duisburg,25,5,18,,0,5,1,1,0,0,0,0,38.65,30938,5
194,Truck Batteries,48,18,874,12,49,2,0,0,Brno,,2,18,,Duisburg,25,5,18,,0,3,2,2,0,0,0,0,33.22,29638,3
67,Olives,54,18,1368,19,49,2,0,0,Szeged,,6,18,,Duisburg,25,5,18,,0,3,2,2,0,0,0,0,31.72,43989,3
261,Used Packaging,63,20,863,12,24,2,0,0,Lyon,,4,31,,Duisburg,25,5,18,,1,3,2,2,0,0,0,0,27.84,24627,3
172,Roller- DYCNA CC-2200,65,8,703,10,36,1,60,300,London,,3,25,,Duisburg,25,5,18,,0,5,1,2,0,0,0,0,43.45,31446,5
430,Asphalt Miller- AM0880,97,44,319,5,24,2,0,0,Luxembourg,,8,25,,Duisburg,25,5,18,,2,5,1,1,0,0,0,0,48.47,16061,5
181,Soy Milk,101,23,972,14,13,1,60,300,Grimsby,,3,7,,Duisburg,25,5,18,,0,8,2,2,0,0,0,0,30.77,30808,8
622,Heavy Metals,102,10,495,7,48,2,0,0,Strasbourg,,4,35,,Duisburg,25,5,19,,0,8,2,2,0,1,5,0,17.22,9126,8
203,Canned Tuna,126,18,842,12,23,2,0,0,Innsbruck,,0,24,,Duisburg,25,5,18,,2,3,2,2,0,0,0,0,33.5,28809,3
259,Bottled Water,139,21,787,11,41,2,0,0,Salzburg,,0,16,,Duisburg,25,5,18,,2,3,2,2,0,0,0,0,30.66,24888,3
655,Brake Fluids,143,5,343,5,39,2,0,0,Hamburg,,5,32,,Duisburg,25,5,18,,0,2,2,2,0,0,0,0,21.27,7896,2
606,Rye,169,21,481,7,17,2,0,0,Nuremberg,,5,6,,Duisburg,25,5,18,,1,7,2,2,0,0,0,0,19.16,98118,7
33,Electronics,29,8,1123,16,11,2,0,0,Szeged,,6,18,,Madeburg,58,5,27,,2,3,2,2,1,0,0,0,46.24,52530,3
284,Beverages,148,21,616,10,15,2,0,0,Gdansk,,10,18,,Madeburg,58,5,27,,2,2,2,2,1,0,0,0,36.61,23149,2
36,Iron Pipes,31,18,1572,22,51,1,60,300,Szczecin,,10,12,,Swansea,86,3,22,,1,4,2,2,0,0,0,0,31.99,51193,4
212,Potted Flowers,73,3,658,9,34,1,60,300,Paris ,,4,11,,Swansea,86,3,22,,1,6,2,2,1,0,0,0,41.08,27932,6
270,Big-Bags of Seeds,142,19,822,11,47,2,0,0,Aberdeen,,3,29,,Swansea,86,3,22,,0,3,2,2,0,0,0,0,28.58,24092,3
457,Truck Rims,186,12,469,6,34,2,0,0,Grimsby,,3,30,,Swansea,86,3,22,,1,3,2,2,0,0,0,0,31.1,15185,3
37,Oil Fileters,32,12,1282,18,22,2,0,0,Lyon,,4,30,,Kiel,43,5,22,,2,3,2,2,0,0,0,0,39.35,51053,3
273,Mercury Chloride ,33,15,559,8,54,2,0,0,Gdansk,,10,35,,Ostrava,71,2,19,,1,8,2,2,0,1,5,0,41.86,24002,8
633,Used Plastics,35,7,439,6,26,2,0,0,Budapest,,6,Kaarfor,,Ostrava,71,2,Transinet,,0,2,2,2,0,0,0,0,18.47,8708,2
80,Roof Tiles,64,20,1137,16,56,2,0,0,Amsterdam,,9,31,,Ostrava,71,2,Transinet,,2,3,2,2,0,0,0,0,36.5,42102,3
344,Canned Beans,89,16,696,10,14,2,0,0,Erfurt,,5,7,,Ostrava,71,2,Kaarfor,,0,3,2,2,0,0,0,0,27.55,19776,3
163,Rice,109,22,949,13,45,2,0,0,Verona,,7,22,,Ostrava,71,2,Transinet,,1,3,2,2,0,0,0,0,33.41,32306,3
546,Smoked Sparts,131,17,323,4,38,2,0,0,Prague,,2,30,,Ostrava,71,2,Kaarfor,,2,3,2,2,0,0,0,0,34.46,11731,3
485,Fertilizer,185,20,445,6,37,2,0,0,Garz,,0,18,,Ostrava,71,2,19,,0,3,2,2,0,0,0,0,30.55,14195,3
40,Used Plastics,35,7,1833,27,40,1,60,300,London,,3,27,,Pecs,74,6,30,,2,4,2,2,0,0,0,0,26.69,49826,4
252,Watermelons,60,20,755,11,55,2,0,0,Munich,,5,7,,Pecs,74,6,30,,1,3,2,2,0,0,0,0,32.68,25274,3
605,Used Packaging,63,20,351,6,8,2,0,0,Vienna,,0,27,,Pecs,74,6,30,,1,3,2,2,0,0,0,0,26.35,9850,3
165,Frozen Hake,110,17,1034,14,57,2,0,0,Leipzig,,5,7,,Pecs,74,6,30,,0,6,2,2,0,0,0,0,30.51,32143,6
630,Wood Shavings,201,4,956,14,56,2,0,0,Stuttgart,,5,33,,Pecs,74,6,6,,0,7,2,2,0,0,0,0,8.69,8911,7
517,Used Plastics,35,9,547,8,36,2,0,0,Strasbourg,,4,Kaarfor,,Osnabruck,69,5,Transinet,,1,3,2,2,0,0,0,0,22.66,12997,3
539,Apples,51,20,363,5,59,2,0,0,Erfurt,,5,6,,Osnabruck,69,5,27,,1,3,2,2,0,0,0,0,31.73,12119,3
215,Empty Pallets,53,21,905,14,50,2,0,0,Olsztyn,,10,27,,Osnabruck,69,5,Transinet,,2,3,2,2,0,0,0,0,30.05,27793,3
208,Used Packaging,63,20,1091,15,36,1,60,300,Sheffield,,3,27,,Osnabruck,69,5,Transinet,,0,3,2,2,0,0,0,0,35.17,28360,3
116,Potatoes,86,22,1051,15,21,1,60,300,Plymouth,,3,6,,Osnabruck,69,5,7,,1,3,2,2,0,0,0,0,33.47,36074,3
735,Sawdust Pannels,91,15,133,2,14,2,0,0,Dortmund,,5,33,,Osnabruck,69,5,6,,0,0,2,2,0,0,0,0,19.86,3241,0
267,Pork,98,18,771,11,41,2,0,0,Bern,,12,6,,Osnabruck,69,5,27,,1,6,2,2,0,0,0,0,30.84,24377,6
559,Tomatoes,117,18,346,5,21,2,0,0,Kiel,,5,7,,Osnabruck,69,5,27,,1,6,2,2,0,0,0,0,31.5,11498,6
230,Smoked Sparts,131,17,764,11,42,2,0,0,Lodz,,10,22,,Osnabruck,69,5,27,,1,6,2,2,0,0,0,0,34.09,26644,6
709,Milk,160,23,128,2,7,2,0,0,Dortmund,,5,32,,Osnabruck,69,5,Transinet,,1,8,2,2,0,0,0,0,36.53,5276,8
718,Wood Bark,214,6,406,13,56,1,207,960,Felixstowe,,3,33,,Osnabruck,69,5,6,,0,1,2,2,0,0,0,0,7.36,4548,1
584,Used Plastics,35,9,502,7,43,2,0,0,Rostock,,5,27,,Kassel,41,5,30,,0,3,2,2,0,0,0,0,20.37,11825,3
419,Beverages,148,23,435,7,46,2,0,0,Luxembourg,,8,18,,Kassel,41,5,30,,2,8,2,2,1,0,0,0,36.52,16487,8
522,Mason Jars,198,7,339,5,22,2,0,0,Hamburg,,5,18,,Kassel,41,5,30,,0,3,2,2,1,0,0,0,35.99,12801,3
533,Ketchup,199,15,445,6,41,2,0,0,Stuttgart,,5,18,,Kassel,41,5,30,,0,0,2,2,0,0,0,0,26.33,12319,0
594,Used Plastics,35,9,436,6,45,2,0,0,Venice,,7,27,,Turin,90,7,Transinet,,1,3,2,2,0,0,0,0,22.67,10482,3
65,Roofing Felt,52,19,1291,19,17,2,0,0,Hamburg,,5,18,,Turin,90,7,Transinet,,1,3,2,2,0,0,0,0,34.42,45031,3
144,Soy Milk,101,21,1045,15,36,2,0,0,Erfurt,,5,7,,Turin,90,7,Transinet,,1,3,2,2,0,0,0,0,31.85,33884,3
358,Lumber,118,17,842,12,52,2,0,0,Liege,,1,33,,Turin,90,7,6,,0,4,2,2,0,0,0,0,22.21,19298,4
682,Wood Shavings,201,4,850,12,46,2,0,0,Garz,,0,18,,Turin,90,7,Transinet,,0,1,2,2,0,0,0,0,7.59,7054,1
47,Rock Bucket Volvo SPN PT SEG,40,3,1303,18,54,1,60,300,Birmingham,,3,25,,Leipzig ,48,5,33,,1,5,1,2,0,0,0,0,36.14,47995,5
290,Ventilation Shaft,55,4,627,9,16,2,0,0,Ostarva,,2,32,,Leipzig ,48,5,8,,1,4,2,2,0,0,0,0,35.15,22637,4
623,Canned Iced Coffe,212,18,296,4,39,2,0,0,Nuremberg,,5,29,,Leipzig ,48,5,7,,2,0,2,2,0,0,0,0,28.76,9120,0
733,Rock Bucket Volvo SPN PT SEG,40,3,80,1,17,2,0,0,Rotterdam,,9,32,,Amsterdam,1,9,29,,2,5,1,2,0,0,0,0,34.0,3320,5
498,Apples,51,20,455,6,22,2,0,0,Calais,,4,29,,Amsterdam,1,9,Kaarfor,,0,3,2,2,0,0,0,0,28.51,13574,3
602,Empty Pallets,53,22,299,15,22,1,30,995,Manchester,,3,8,,Amsterdam,1,9,29,,2,3,2,2,0,0,0,0,28.65,10162,3
146,Roof Tiles,64,20,928,14,3,2,0,0,Wroclaw,,10,31,,Amsterdam,1,9,18,,2,5,2,2,0,0,0,0,35.61,33644,5
235,Roller- DYCNA CC-2200,65,8,587,9,5,2,0,0,Berlin,,5,25,,Amsterdam,1,9,18,,0,5,1,2,0,0,0,0,43.45,26107,5
442,Oranges,67,20,532,7,20,2,0,0,Paris ,,4,9,,Amsterdam,1,9,Kaarfor,,0,6,2,2,0,0,0,0,28.32,15668,6
374,Sawdust Pannels,91,21,532,7,56,2,0,0,Frankfurt,,5,33,,Amsterdam,1,9,18,,1,3,2,2,0,0,0,0,33.84,18602,3
586,Plastic Pipes,123,12,558,8,15,2,0,0,Mannheim,,5,31,,Amsterdam,1,9,29,,1,4,2,2,0,0,0,0,18.06,10676,4
683,Plastic Flim Rolls,124,11,306,4,49,2,0,0,Lille,,4,31,,Amsterdam,1,9,18,,1,2,2,2,0,0,0,0,20.82,6970,2
197,Honey,125,20,906,13,4,1,60,300,Swansea,,3,6,,Amsterdam,1,9,Kaarfor,,0,3,2,2,0,0,0,0,31.51,29449,3
207,Wheel Loader,127,15,634,20,0,1,370,995,Glasgow,,3,28,,Amsterdam,1,9,18,,1,5,1,2,0,0,0,0,42.37,28456,5
489,Empty Barrels,137,9,520,7,14,2,0,0,Paris ,,4,34,,Amsterdam,1,9,29,,0,3,2,2,0,0,0,0,25.62,13925,3
286,Metal Cans,150,4,721,11,1,2,0,0,Szczecin,,10,32,,Amsterdam,1,9,18,,2,3,2,2,0,0,0,0,30.96,22922,3
401,High-Tech Device,174,45,280,4,11,2,0,0,Cologne,,5,10,,Amsterdam,1,9,10,,0,5,1,1,0,0,0,1,59.77,17342,5
400,Boiler Part,176,45,280,4,11,2,0,0,Cologne,,5,10,,Amsterdam,1,9,10,,0,5,1,1,0,0,0,1,59.77,17342,5
728,Wood Bark,214,6,303,15,26,1,370,995,Manchester,,3,33,,Amsterdam,1,9,29,,1,1,2,2,0,0,0,0,7.95,4005,1
48,Tractors,41,11,1048,14,58,2,0,0,Bratislava,,11,33,,Bern,5,12,6,,0,5,2,2,0,0,0,0,44.64,47378,5
69,Dryers,56,13,962,14,0,2,0,0,Bratislava,,11,22,,Bern,5,12,Kaarfor,,2,3,2,2,1,0,0,0,44.64,43547,3
242,Rice,109,17,1086,15,29,2,0,0,Ostarva,,2,32,,Bern,5,12,Kaarfor,,0,2,2,2,0,0,0,0,23.34,25946,2
237,Juice Concentrate,133,23,1063,15,30,2,0,0,Szczecin,,10,7,,Bern,5,12,7,,0,8,2,2,0,0,0,0,23.94,26051,8
263,Carbonated Water,140,21,832,11,26,2,0,0,Amsterdam,,9,18,,Bern,5,12,7,,1,3,2,2,0,0,0,0,28.81,24573,3
492,Pesto,193,18,444,6,39,2,0,0,Munich,,5,7,,Bern,5,12,Kaarfor,,0,3,2,2,0,0,0,0,29.84,13848,3
375,Tractors,41,11,360,4,40,2,0,0,Birmingham,,3,33,,Plymouth,75,3,6,,2,5,2,2,0,0,0,0,49.9,18564,5
122,Canned Beans,89,16,1190,17,25,1,60,300,Stuttgart,,5,18,,Plymouth,75,3,29,,0,3,2,2,0,0,0,0,29.23,35682,3
167,Computer Processers,111,3,620,9,1,1,60,300,Paris ,,4,9,,Plymouth,75,3,29,,2,3,1,2,1,0,0,0,50.16,32011,3
387,Mobile Crane - UTM SD-833,113,36,360,4,40,2,0,0,Birmingham,,3,33,,Plymouth,75,3,29,,1,5,1,1,0,0,0,0,47.67,17761,5
184,Beans,120,12,895,13,17,1,60,300,Dusseldorf,,5,7,,Plymouth,75,3,29,,2,3,2,2,0,0,0,0,33.36,30754,3
99,Fuel Tanks,43,10,1121,16,18,1,60,300,Birmingham,,3,22,,Bremen,9,5,22,,0,3,2,2,0,0,0,0,33.79,38777,3
658,Driller - D-50,57,8,178,3,17,2,0,0,Hanover,,10,28,,Bremen,9,5,22,,0,5,1,2,0,0,0,0,40.33,7779,5
188,Salt & Spices,84,16,955,14,44,2,0,0,Lublin,,10,7,,Bremen,9,5,7,,1,3,2,2,0,0,0,0,31.24,30431,3
710,Sugar,187,21,146,2,21,2,0,0,Osnabruck,,5,32,,Bremen,9,5,7,,2,3,2,2,0,0,0,0,31.37,5180,3
639,Wheels with Volvo Rims,215,10,316,4,51,2,0,0,Amsterdam,,9,18,,Bremen,9,5,22,,2,4,2,2,0,0,0,0,25.03,8510,4
338,Excavator Volvo EW240E MH,45,26,441,5,54,2,0,0,Lyon,,4,1,,Zurich,97,12,22,,2,5,1,1,0,0,0,0,43.61,19832,5
66,Empty Pallets,53,21,1441,21,11,2,0,0,Bialystok,,10,33,,Zurich,97,12,22,,2,3,2,2,0,0,0,0,30.8,44061,3
668,Oranges,67,20,218,3,26,2,0,0,Stuttgart,,5,9,,Zurich,97,12,22,,2,3,2,2,0,0,0,0,31.87,7548,3
525,Medical Equipments,83,5,273,4,30,2,0,0,Innsbruck,,0,24,,Zurich,97,12,29,,0,6,1,2,1,0,0,0,44.45,12736,6
670,Chimney Systems,96,18,209,2,56,2,0,0,Strasbourg,,4,31,,Zurich,97,12,22,,2,3,2,2,0,0,0,0,33.21,7541,3
329,Empty Barrels,137,9,672,10,9,2,0,0,Hanover,,5,0,,Zurich,97,12,29,,1,3,2,2,0,0,0,0,29.32,20303,3
702,Scrap Metals,177,21,570,8,33,2,0,0,Dortmund,,5,32,,Zurich,97,12,29,,0,1,2,2,0,0,0,0,8.88,5662,1
703,Pet Food,180,20,236,3,30,2,0,0,Geneva,,12,30,,Zurich,97,12,22,,0,2,2,2,0,0,0,0,21.22,5608,2
562,Gravel,202,21,677,0,8,2,0,0,Hanover,,5,28,,Zurich,97,12,22,,1,1,2,2,0,0,0,0,16.01,11440,1
58,Metal Coil,46,24,1232,19,40,2,0,0,Luxembourg,,8,12,,Gandnsk,31,10,2,,2,5,1,2,0,0,0,0,36.7,45811,5
61,Flour,49,20,1441,20,26,2,0,0,Liege,,1,6,,Kosice,45,11,18,,0,3,2,2,0,0,0,0,31.25,45632,3
504,Driller - D-50,57,8,309,5,12,2,0,0,Lublin,,10,18,,Kosice,45,10,18,,0,5,1,2,0,0,0,0,41.46,13412,5
549,Used Packaging,63,20,420,6,57,2,0,0,Warsaw,,10,31,,Kosice,45,11,18,,1,3,2,2,0,0,0,0,26.35,11669,3
279,Apples,51,20,702,10,13,2,0,0,Brno,,2,18,,Stuttgart,85,5,9,,1,6,2,2,0,0,0,0,32.63,23504,6
210,Airmail,66,10,686,9,48,2,0,0,Paris ,,4,9,,Stuttgart,85,5,9,,2,3,2,2,0,0,0,0,39.91,27980,3
193,Plastic Pipes,123,12,1360,19,58,1,60,300,Carlisle,,3,31,,Stuttgart,85,5,28,,1,4,2,2,0,0,0,0,21.13,29643,4
473,Chemical Sorbent,141,4,1030,15,4,1,60,300,Felixstowe,,3,30,,Stuttgart,85,5,18,,2,2,2,2,0,0,0,0,13.51,14818,2
593,Concrete Centering,208,18,452,6,39,2,0,0,Linz,,0,12,,Stuttgart,85,5,18,,2,4,2,2,0,0,0,0,21.89,10496,4
716,Roofing Felt,52,19,121,3,27,1,49,384,Lille,,4,31,,Dover,23,3,18,,2,3,2,2,0,0,0,0,32.07,4865,3
608,Empty Pallets,53,22,321,4,15,2,0,0,Birmingham,,3,33,,Dover,23,3,18,,2,3,2,2,0,0,0,0,28.65,9798,3
573,Used Packaging,63,20,446,5,53,2,0,0,Swansea,,3,Kaarfor,,Dover,23,3,18,,0,3,2,2,0,0,0,0,23.68,11163,3
684,Carrots,77,15,249,4,4,1,60,300,Paris ,,4,17,,Dover,23,3,7,,0,2,2,2,0,0,0,0,24.21,6929,2
179,Industrial Condenser,119,60,456,6,20,2,0,0,Plymouth,,3,10,,Dover,23,3,10,,0,5,1,1,0,0,0,1,66.51,30948,5
256,Excavator Bucket,136,25,456,6,20,2,0,0,Plymouth,,3,10,,Dover,23,3,10,,0,5,1,1,0,0,0,1,53.72,25112,5
566,Milk,160,23,306,6,8,1,49,384,Reims,,4,6,,Dover,23,3,18,,0,8,2,2,0,0,0,0,33.7,11297,8
571,Wall Panels,205,20,382,7,0,1,49,384,Rotterdam,,9,32,,Dover,23,3,18,,0,5,2,2,0,0,0,0,26.75,11202,5
349,Empty Pallets,53,22,745,11,15,2,0,0,Budapest,,6,Kaarfor,,Poznan,76,10,29,,0,2,2,2,0,0,0,0,25.55,19635,2
699,Scrap Metals,177,21,622,10,20,2,0,0,Linz,,0,12,,Poznan,76,10,29,,0,1,2,2,0,0,0,0,8.88,6123,1
676,Wood Shavings,201,4,858,12,49,2,0,0,Liege,,1,33,,Poznan,76,10,29,,0,1,2,2,0,0,0,0,7.82,7313,1
732,Gravel,202,21,209,3,59,2,0,0,Wroclaw,,10,28,,Poznan,76,10,29,,0,1,2,2,0,0,0,0,13.11,3340,1
320,Olives,54,18,669,8,37,2,0,0,London,,3,22,,Glasgow,35,3,7,,0,3,2,2,0,0,0,0,29.9,20603,3
514,Maple Syrup,80,17,445,6,0,2,0,0,Sheffield,,3,32,,Glasgow,35,3,7,,0,3,2,2,0,0,0,0,28.18,13141,3
432,Watermelons,60,20,426,17,9,1,370,995,Rotterdam,,9,22,,Edinburgh,27,3,Kaarfor,,2,6,2,2,0,0,0,0,33.93,16050,6
402,Lumber,118,17,679,9,3,2,0,0,Felixstowe,,3,33,,Edinburgh,27,3,25,,1,4,2,2,0,0,0,0,24.63,17326,4
705,Lumber,118,17,239,3,31,2,0,0,Aberdeen,,3,33,,Edinburgh,27,3,25,,0,4,2,2,0,0,0,0,20.18,5422,4
464,Smoked Sparts,131,17,435,6,7,2,0,0,Grimsby,,3,30,,Edinburgh,27,3,Kaarfor,,1,3,2,2,0,0,0,0,33.15,15022,3
276,Plant Substrate,144,18,767,12,1,2,0,0,Calais,,4,18,,Edinburgh,27,3,Kaarfor,,1,3,2,2,0,0,0,0,29.81,23847,3
83,Oranges,67,20,1309,18,42,1,60,300,Innsbruck,,0,7,,Cambridge,16,3,Kaarfor,,0,3,2,2,0,0,0,0,30.99,41467,3
249,Wooden Beams,115,22,833,11,25,2,0,0,Aberdeen,,3,33,,Cambridge,16,3,6,,0,3,2,2,0,0,0,0,29.85,25465,3
475,Milk,160,20,476,6,13,2,0,0,Plymouth,,3,7,,Cambridge,16,3,Kaarfor,,0,3,2,2,0,0,0,0,29.84,14804,3
101,Carrots,77,16,1212,17,9,1,60,300,Erfurt,,5,6,,Cardiff,17,3,29,,0,3,2,2,0,0,0,0,31.09,38586,3
481,Asphalt Miller- AM0880,97,44,332,5,9,2,0,0,Sheffield,,3,32,,Cardiff,17,3,29,,0,5,1,1,0,0,0,0,41.69,14440,5
103,Sodium Hydroxide,78,20,902,13,8,2,0,0,Rotterdam,,9,35,,Munich,63,5,35,,2,8,2,2,0,1,6,0,41.86,38358,8
140,Large Tubes,100,22,928,13,24,2,0,0,Debrecen,,6,32,,Munich,63,5,35,,2,5,2,2,0,0,0,0,36.01,34012,5
295,Arsenic,138,9,1095,16,15,1,60,300,London,,3,19,,Munich,63,5,35,,1,8,2,2,0,1,5,0,19.44,22184,8
651,Coal,204,21,517,7,40,2,0,0,Strasbourg,,4,28,,Munich,63,5,35,,1,1,2,2,0,0,0,0,14.37,8030,1
543,Maple Syrup,80,17,401,6,31,2,0,0,Leipzig,,10,7,,Travemunde,89,5,21,,0,3,2,2,0,0,0,0,28.18,11901,3
456,Massive Tech Part,156,44,232,3,40,2,0,0,Bremen,,5,10,,Travemunde,89,5,10,,0,5,1,1,0,0,0,1,63.0,15251,5
499,Gaint Silo,194,40,232,3,40,2,0,0,Bremen,,5,10,,Travemunde,89,5,10,,0,5,1,1,0,0,0,1,55.73,13561,5
123,Containerized Trees,90,4,981,14,19,2,0,0,Klagenfurt,,0,6,,Reims,78,4,Kaarfor,,1,3,2,2,0,0,0,0,35.75,35670,3
376,Smoked Sparts,131,17,540,8,4,2,0,0,Geneva,,12,22,,Reims,78,4,Kaarfor,,1,3,2,2,0,0,0,0,33.15,18503,3
700,Barley,220,16,287,5,56,1,49,384,Dover,,3,6,,Reims,78,4,7,,1,1,2,2,0,0,0,0,16.76,5794,1
223,Chlorine,129,16,576,8,7,2,0,0,Aberdeen,,3,19,,Liverpool,52,3,19,,2,8,2,2,1,1,2,0,45.9,27040,8
672,Beverages,148,21,233,3,6,2,0,0,Manchester,,3,18,,Newcastle,64,3,27,,0,2,2,2,1,0,0,0,29.26,7418,2
632,Gravel,202,21,524,7,19,2,0,0,Swansea,,3,22,,Newcastle,64,3,25,,1,1,2,2,0,0,0,0,15.57,8760,1
337,White Phosphorus,163,10,480,7,18,2,0,0,Munich,,5,35,,Bratislava,8,11,35,,2,8,2,2,1,1,4,0,40.14,19866,8
724,Sheep Wool,224,13,135,2,1,2,0,0,Vienna,97.0,0,7,,Bratislava,8,11,22,,1,3,2,2,0,0,0,0,27.45,4306,3
